id_amostra;data_analise;lote;umidade_pct;proteina_pct;extrato_etereo_pct;fibras_pct;materia_mineral_pct;urease_uph;solubilidade_pct;indice_qualidade;classe_qualidade
FS0001;2026-01-02;FS-2026-0001;12.31;45.82;1.57;5.33;4.79;0.116;83.25;84.71;Conforme
FS0002;2026-01-02;FS-2026-0001;12.8;45.94;1.24;4.58;4.5;0.154;80.46;79.35;Atencao
FS0003;2026-01-02;FS-2026-0001;12.14;45.9;1.61;4.43;4.5;0.135;81.58;81.09;Conforme
FS0004;2026-01-02;FS-2026-0001;12.66;46.04;1.73;5.66;4.4;0.055;81.53;80.61;Conforme
FS0005;2026-01-03;FS-2026-0001;12.11;46.31;2.2;4.53;4.76;0.027;82.53;79.35;Atencao
FS0006;2026-01-03;FS-2026-0001;12.72;45.46;1.9;4.9;4.55;0.052;82.5;78.33;Atencao
FS0007;2026-01-03;FS-2026-0001;12.4;45.79;2.5;4.81;4.67;0.18;81.41;79.45;Atencao
FS0008;2026-01-03;FS-2026-0001;12.14;46.59;1.88;6.0;4.34;0.095;79.26;79.92;Atencao
FS0009;2026-01-04;FS-2026-0001;12.2;46.47;1.56;4.35;4.71;0.126;81.72;85.24;Conforme
FS0010;2026-01-04;FS-2026-0001;12.32;45.68;1.4;4.91;4.45;0.182;81.24;79.7;Atencao
FS0011;2026-01-04;FS-2026-0002;12.13;45.53;1.3;4.92;4.27;0.111;83.1;82.09;Conforme
FS0012;2026-01-04;FS-2026-0002;12.81;46.61;1.2;4.06;4.24;0.173;83.85;86.59;Conforme
FS0013;2026-01-05;FS-2026-0002;12.69;46.11;1.54;4.08;4.34;0.108;79.38;81.87;Conforme
FS0014;2026-01-05;FS-2026-0002;12.82;46.36;1.99;4.73;4.37;0.166;82.28;83.71;Conforme
FS0015;2026-01-05;FS-2026-0002;12.89;45.95;1.65;4.53;4.3;0.105;81.76;81.67;Conforme
FS0016;2026-01-05;FS-2026-0002;12.0;46.45;1.48;4.07;4.79;0.063;82.47;84.51;Conforme
FS0017;2026-01-06;FS-2026-0002;12.43;45.9;2.34;3.81;4.47;0.083;81.77;86.72;Conforme
FS0018;2026-01-06;FS-2026-0002;12.26;46.91;1.83;4.7;4.4;0.122;81.49;90.51;Excelente
FS0019;2026-01-06;FS-2026-0002;13.0;45.55;2.34;3.62;5.0;0.167;83.91;79.07;Atencao
FS0020;2026-01-06;FS-2026-0002;12.91;46.47;1.84;4.82;4.38;0.141;80.97;82.14;Conforme
FS0021;2026-01-07;FS-2026-0003;12.83;46.08;1.69;4.59;4.23;0.077;82.82;83.73;Conforme
FS0022;2026-01-07;FS-2026-0003;12.27;45.86;2.26;5.1;4.42;0.071;84.65;83.8;Conforme
FS0023;2026-01-07;FS-2026-0003;12.54;45.65;1.37;4.51;4.62;0.201;81.75;80.57;Conforme
FS0024;2026-01-07;FS-2026-0003;12.42;46.08;1.8;4.72;4.42;0.1;80.91;87.58;Conforme
FS0025;2026-01-08;FS-2026-0003;12.36;45.92;1.78;3.59;4.66;0.024;82.78;85.01;Conforme
FS0026;2026-01-08;FS-2026-0003;12.1;46.14;1.9;4.92;4.34;0.027;81.73;80.62;Conforme
FS0027;2026-01-08;FS-2026-0003;12.23;46.31;1.32;4.43;4.85;0.088;81.94;87.05;Conforme
FS0028;2026-01-08;FS-2026-0003;12.5;46.15;1.86;4.86;4.67;0.122;82.07;89.02;Excelente
FS0029;2026-01-09;FS-2026-0003;12.17;45.91;1.2;4.16;4.64;0.07;83.35;86.54;Conforme
FS0030;2026-01-09;FS-2026-0003;12.49;45.79;1.83;5.11;4.59;0.097;80.95;82.44;Conforme
FS0031;2026-01-09;FS-2026-0004;12.54;45.97;2.02;5.79;4.0;0.054;82.62;82.0;Conforme
FS0032;2026-01-09;FS-2026-0004;12.4;46.15;1.9;4.65;4.51;0.137;81.42;85.13;Conforme
FS0033;2026-01-10;FS-2026-0004;12.67;46.56;1.81;5.08;4.58;0.06;82.71;87.08;Conforme
FS0034;2026-01-10;FS-2026-0004;12.71;45.55;1.2;4.61;4.08;0.081;81.33;80.73;Conforme
FS0035;2026-01-10;FS-2026-0004;12.0;46.68;1.82;4.4;4.3;0.115;81.55;82.22;Conforme
FS0036;2026-01-10;FS-2026-0004;12.46;45.49;1.2;4.8;4.49;0.06;82.61;79.75;Atencao
FS0037;2026-01-11;FS-2026-0004;12.48;46.39;1.69;4.14;4.3;0.104;83.48;92.09;Excelente
FS0038;2026-01-11;FS-2026-0004;12.23;46.49;1.77;4.6;4.12;0.171;83.48;81.88;Conforme
FS0039;2026-01-11;FS-2026-0004;12.89;46.4;1.54;5.87;4.71;0.059;80.43;79.59;Atencao
FS0040;2026-01-11;FS-2026-0004;12.17;46.64;1.66;3.95;4.72;0.129;82.77;84.62;Conforme
FS0041;2026-01-12;FS-2026-0005;12.61;45.96;1.69;5.35;4.42;0.119;82.63;85.0;Conforme
FS0042;2026-01-12;FS-2026-0005;12.5;46.23;1.92;5.08;4.3;0.061;81.67;85.84;Conforme
FS0043;2026-01-12;FS-2026-0005;12.31;46.15;1.94;4.53;4.37;0.091;83.06;86.47;Conforme
FS0044;2026-01-12;FS-2026-0005;12.48;46.58;1.2;4.15;4.47;0.176;82.93;90.81;Excelente
FS0045;2026-01-13;FS-2026-0005;12.97;46.27;1.3;4.82;4.69;0.044;82.13;80.98;Conforme
FS0046;2026-01-13;FS-2026-0005;12.97;46.82;1.6;4.39;4.31;0.126;81.37;84.87;Conforme
FS0047;2026-01-13;FS-2026-0005;12.54;45.52;2.04;5.53;4.2;0.09;82.92;83.31;Conforme
FS0048;2026-01-13;FS-2026-0005;12.42;46.02;1.44;4.33;4.4;0.14;83.25;88.58;Excelente
FS0049;2026-01-14;FS-2026-0005;12.83;46.41;1.64;5.36;4.46;0.112;83.1;85.85;Conforme
FS0050;2026-01-14;FS-2026-0005;12.7;46.03;2.11;4.8;4.71;0.16;83.0;83.59;Conforme
FS0051;2026-01-14;FS-2026-0006;12.49;46.29;1.97;4.4;5.0;0.09;83.67;87.55;Conforme
FS0052;2026-01-14;FS-2026-0006;12.73;45.66;1.96;3.85;4.91;0.08;82.49;84.54;Conforme
FS0053;2026-01-15;FS-2026-0006;12.43;47.0;2.04;4.09;4.79;0.024;81.59;87.97;Conforme
FS0054;2026-01-15;FS-2026-0006;12.61;45.29;2.02;3.98;4.26;0.049;83.06;83.08;Conforme
FS0055;2026-01-15;FS-2026-0006;12.41;46.07;1.2;4.47;4.69;0.038;82.2;86.1;Conforme
FS0056;2026-01-15;FS-2026-0006;12.86;45.86;1.51;3.91;4.79;0.115;82.06;82.31;Conforme
FS0057;2026-01-16;FS-2026-0006;12.3;46.25;1.97;4.93;4.44;0.124;81.84;83.09;Conforme
FS0058;2026-01-16;FS-2026-0006;12.35;45.89;2.16;4.01;4.57;0.147;81.5;82.33;Conforme
FS0059;2026-01-16;FS-2026-0006;12.62;46.13;1.43;5.66;4.86;0.02;82.13;82.03;Conforme
FS0060;2026-01-16;FS-2026-0006;12.08;45.94;1.36;4.63;4.51;0.15;83.86;83.77;Conforme
FS0061;2026-01-17;FS-2026-0007;12.36;46.17;1.24;4.83;5.0;0.07;83.19;84.27;Conforme
FS0062;2026-01-17;FS-2026-0007;12.63;46.39;1.56;3.95;4.0;0.131;82.21;88.51;Excelente
FS0063;2026-01-17;FS-2026-0007;12.1;46.01;1.36;4.59;4.0;0.039;82.6;79.19;Atencao
FS0064;2026-01-17;FS-2026-0007;12.3;45.5;1.47;5.01;4.87;0.179;81.48;77.49;Atencao
FS0065;2026-01-18;FS-2026-0007;12.44;45.55;1.87;4.71;4.17;0.053;81.84;78.69;Atencao
FS0066;2026-01-18;FS-2026-0007;12.39;46.34;2.28;3.87;4.59;0.099;81.51;88.52;Excelente
FS0067;2026-01-18;FS-2026-0007;12.54;46.33;2.05;4.57;4.58;0.138;81.06;84.08;Conforme
FS0068;2026-01-18;FS-2026-0007;13.0;46.11;1.45;5.05;4.29;0.171;79.91;76.73;Atencao
FS0069;2026-01-19;FS-2026-0007;12.33;46.47;1.78;4.97;4.19;0.149;80.63;81.88;Conforme
FS0070;2026-01-19;FS-2026-0007;12.77;46.49;1.73;4.11;4.39;0.059;82.51;86.95;Conforme
FS0071;2026-01-19;FS-2026-0008;12.41;45.5;1.35;5.03;4.77;0.103;83.39;84.5;Conforme
FS0072;2026-01-19;FS-2026-0008;12.04;46.21;2.23;4.59;4.33;0.059;82.8;80.96;Conforme
FS0073;2026-01-20;FS-2026-0008;12.44;46.76;2.02;4.2;4.6;0.089;82.94;92.94;Excelente
FS0074;2026-01-20;FS-2026-0008;12.45;46.12;1.97;4.71;4.4;0.106;81.44;86.44;Conforme
FS0075;2026-01-20;FS-2026-0008;12.32;46.65;1.9;4.87;4.2;0.068;81.77;84.53;Conforme
FS0076;2026-01-20;FS-2026-0008;12.66;46.23;1.6;4.49;4.46;0.148;82.42;86.68;Conforme
FS0077;2026-01-21;FS-2026-0008;12.43;45.97;1.48;4.76;4.28;0.026;83.35;87.42;Conforme
FS0078;2026-01-21;FS-2026-0008;12.42;46.09;1.97;5.17;4.51;0.05;82.12;83.31;Conforme
FS0079;2026-01-21;FS-2026-0008;12.25;46.75;2.07;5.1;4.67;0.059;81.96;83.08;Conforme
FS0080;2026-01-21;FS-2026-0008;12.65;45.84;1.2;4.52;4.54;0.116;81.34;82.27;Conforme
FS0081;2026-01-22;FS-2026-0009;12.93;45.87;1.54;4.04;4.71;0.065;82.64;80.66;Conforme
FS0082;2026-01-22;FS-2026-0009;12.61;47.0;1.82;3.97;4.17;0.092;80.45;90.77;Excelente
FS0083;2026-01-22;FS-2026-0009;12.0;46.46;1.23;5.64;4.01;0.05;81.06;78.81;Atencao
FS0084;2026-01-22;FS-2026-0009;12.33;46.5;1.82;4.49;4.49;0.139;82.76;90.22;Excelente
FS0085;2026-01-23;FS-2026-0009;12.57;46.42;1.62;4.71;4.63;0.139;79.77;83.81;Conforme
FS0086;2026-01-23;FS-2026-0009;12.24;45.83;1.51;4.98;4.4;0.133;81.25;79.86;Atencao
FS0087;2026-01-23;FS-2026-0009;12.43;46.23;2.2;4.23;5.0;0.091;82.58;86.67;Conforme
FS0088;2026-01-23;FS-2026-0009;12.99;45.78;1.77;4.3;4.75;0.039;80.45;74.89;Atencao
FS0089;2026-01-24;FS-2026-0009;12.31;46.06;1.99;4.37;4.23;0.122;83.92;87.05;Conforme
FS0090;2026-01-24;FS-2026-0009;12.39;46.15;1.27;4.35;4.63;0.093;82.17;88.18;Excelente
FS0091;2026-01-24;FS-2026-0010;12.79;46.27;1.94;5.0;4.35;0.131;82.36;84.19;Conforme
FS0092;2026-01-24;FS-2026-0010;12.81;45.68;1.74;4.23;4.52;0.14;82.87;82.58;Conforme
FS0093;2026-01-25;FS-2026-0010;12.4;45.57;1.75;5.17;4.56;0.2;83.71;80.27;Conforme
FS0094;2026-01-25;FS-2026-0010;12.16;46.23;2.26;6.0;4.71;0.121;82.72;83.06;Conforme
FS0095;2026-01-25;FS-2026-0010;12.43;45.83;1.57;4.7;4.88;0.111;81.13;82.81;Conforme
FS0096;2026-01-25;FS-2026-0010;12.5;46.16;1.2;4.72;4.66;0.155;81.68;84.37;Conforme
FS0097;2026-01-26;FS-2026-0010;12.34;45.6;1.29;3.57;4.62;0.085;83.74;87.44;Conforme
FS0098;2026-01-26;FS-2026-0010;12.51;46.1;1.77;3.85;4.83;0.07;82.11;87.06;Conforme
FS0099;2026-01-26;FS-2026-0010;12.0;46.26;1.22;5.07;4.26;0.092;81.98;82.44;Conforme
FS0100;2026-01-26;FS-2026-0010;12.78;46.17;2.09;4.34;4.77;0.07;82.84;84.12;Conforme
FS0101;2026-01-27;FS-2026-0011;12.46;46.07;1.51;4.91;4.08;0.048;81.46;84.75;Conforme
FS0102;2026-01-27;FS-2026-0011;12.4;46.38;1.53;4.47;4.34;0.034;81.93;90.07;Excelente
FS0103;2026-01-27;FS-2026-0011;12.97;46.48;1.85;4.83;4.48;0.131;80.61;82.7;Conforme
FS0104;2026-01-27;FS-2026-0011;12.84;46.15;2.18;4.8;4.67;0.111;82.78;83.05;Conforme
FS0105;2026-01-28;FS-2026-0011;12.57;45.58;2.09;5.31;4.22;0.072;81.15;79.36;Atencao
FS0106;2026-01-28;FS-2026-0011;12.2;45.81;1.31;4.34;4.44;0.148;82.39;82.3;Conforme
FS0107;2026-01-28;FS-2026-0011;12.57;45.98;1.52;5.21;4.47;0.172;80.9;83.71;Conforme
FS0108;2026-01-28;FS-2026-0011;12.61;45.77;1.2;4.43;4.14;0.09;83.73;86.04;Conforme
FS0109;2026-01-29;FS-2026-0011;12.76;45.72;1.58;4.27;4.48;0.204;81.74;78.62;Atencao
FS0110;2026-01-29;FS-2026-0011;12.62;45.91;2.11;4.92;4.27;0.115;81.79;82.33;Conforme
FS0111;2026-01-29;FS-2026-0012;12.22;46.29;1.56;4.52;4.28;0.173;82.97;84.32;Conforme
FS0112;2026-01-29;FS-2026-0012;12.62;46.52;1.91;4.62;4.46;0.138;82.75;88.19;Excelente
FS0113;2026-01-30;FS-2026-0012;12.54;45.68;1.67;4.79;4.58;0.036;82.28;81.54;Conforme
FS0114;2026-01-30;FS-2026-0012;12.64;45.54;1.47;4.82;4.4;0.165;80.28;77.41;Atencao
FS0115;2026-01-30;FS-2026-0012;12.72;46.33;2.08;4.67;4.41;0.188;79.75;81.21;Conforme
FS0116;2026-01-30;FS-2026-0012;12.81;46.29;1.98;4.56;4.5;0.05;81.45;83.56;Conforme
FS0117;2026-01-31;FS-2026-0012;12.25;45.75;1.47;4.79;4.57;0.06;82.59;80.32;Conforme
FS0118;2026-01-31;FS-2026-0012;12.26;45.98;1.61;5.32;4.54;0.019;82.11;80.68;Conforme
FS0119;2026-01-31;FS-2026-0012;12.77;46.16;1.72;4.04;4.45;0.089;84.62;91.61;Excelente
FS0120;2026-01-31;FS-2026-0012;12.2;45.9;1.33;3.51;4.44;0.078;82.03;85.59;Conforme
FS0121;2026-02-01;FS-2026-0013;12.5;46.98;1.2;4.57;4.15;0.116;82.41;89.66;Excelente
FS0122;2026-02-01;FS-2026-0013;12.33;45.29;1.54;4.13;4.58;0.174;81.23;80.29;Conforme
FS0123;2026-02-01;FS-2026-0013;12.76;45.7;1.66;4.27;4.72;0.194;84.67;82.39;Conforme
FS0124;2026-02-01;FS-2026-0013;12.87;45.6;1.85;5.13;4.58;0.141;82.37;78.57;Atencao
FS0125;2026-02-02;FS-2026-0013;12.48;46.97;2.11;4.63;4.42;0.202;81.51;87.56;Conforme
FS0126;2026-02-02;FS-2026-0013;12.48;46.07;1.85;4.39;4.26;0.145;82.78;84.41;Conforme
FS0127;2026-02-02;FS-2026-0013;12.48;45.97;1.86;4.19;4.34;0.097;82.77;90.13;Excelente
FS0128;2026-02-02;FS-2026-0013;12.78;46.14;2.07;4.34;4.57;0.159;80.02;80.06;Conforme
FS0129;2026-02-03;FS-2026-0013;12.25;45.99;1.64;4.17;4.56;0.03;81.84;82.43;Conforme
FS0130;2026-02-03;FS-2026-0013;12.47;46.1;1.36;4.14;4.95;0.031;83.78;87.05;Conforme
FS0131;2026-02-03;FS-2026-0014;12.45;45.96;2.04;4.13;4.38;0.047;83.15;84.74;Conforme
FS0132;2026-02-03;FS-2026-0014;12.66;46.51;1.63;5.22;4.39;0.033;83.16;86.89;Conforme
FS0133;2026-02-04;FS-2026-0014;12.42;45.45;1.96;3.68;4.36;0.119;81.0;81.04;Conforme
FS0134;2026-02-04;FS-2026-0014;12.25;46.68;2.15;4.44;4.41;0.046;82.19;84.75;Conforme
FS0135;2026-02-04;FS-2026-0014;12.62;45.92;1.79;4.87;4.5;0.19;81.06;79.76;Atencao
FS0136;2026-02-04;FS-2026-0014;12.35;46.05;2.12;5.32;4.58;0.068;81.93;83.61;Conforme
FS0137;2026-02-05;FS-2026-0014;12.68;45.96;1.78;4.44;4.35;0.111;80.51;83.29;Conforme
FS0138;2026-02-05;FS-2026-0014;12.64;46.26;1.75;4.38;4.56;0.036;82.25;88.32;Excelente
FS0139;2026-02-05;FS-2026-0014;12.78;45.58;1.92;4.69;4.26;0.066;83.23;81.19;Conforme
FS0140;2026-02-05;FS-2026-0014;12.76;45.71;1.72;4.93;4.76;0.07;80.81;79.01;Atencao
FS0141;2026-02-06;FS-2026-0015;12.29;46.02;1.61;4.83;4.43;0.155;82.29;84.62;Conforme
FS0142;2026-02-06;FS-2026-0015;12.15;46.82;2.43;3.71;4.35;0.035;82.94;85.19;Conforme
FS0143;2026-02-06;FS-2026-0015;12.32;46.77;1.51;4.56;4.43;0.083;83.04;91.79;Excelente
FS0144;2026-02-06;FS-2026-0015;12.24;45.45;1.73;4.0;4.58;0.092;81.69;81.74;Conforme
FS0145;2026-02-07;FS-2026-0015;12.67;45.86;2.03;5.37;4.7;0.086;80.92;80.81;Conforme
FS0146;2026-02-07;FS-2026-0015;12.51;46.37;1.78;4.56;4.26;0.197;82.89;86.59;Conforme
FS0147;2026-02-07;FS-2026-0015;12.06;46.5;2.15;4.12;5.0;0.109;81.95;86.81;Conforme
FS0148;2026-02-07;FS-2026-0015;12.0;46.38;1.98;3.96;4.45;0.119;81.34;83.96;Conforme
FS0149;2026-02-08;FS-2026-0015;12.35;46.15;2.09;4.65;4.46;0.018;83.85;83.47;Conforme
FS0150;2026-02-08;FS-2026-0015;12.45;45.96;1.65;5.28;4.42;0.154;82.28;86.28;Conforme
FS0151;2026-02-08;FS-2026-0016;12.94;46.18;1.93;4.79;4.0;0.096;83.49;83.0;Conforme
FS0152;2026-02-08;FS-2026-0016;12.73;45.95;1.91;5.14;4.47;0.105;80.45;80.87;Conforme
FS0153;2026-02-09;FS-2026-0016;12.23;45.57;1.79;4.14;4.09;0.103;79.89;78.81;Atencao
FS0154;2026-02-09;FS-2026-0016;12.13;46.39;1.86;4.7;4.52;0.137;82.06;84.81;Conforme
FS0155;2026-02-09;FS-2026-0016;12.65;46.21;1.87;4.4;4.44;0.089;82.53;86.45;Conforme
FS0156;2026-02-09;FS-2026-0016;12.29;46.07;2.28;4.51;4.15;0.109;82.96;84.38;Conforme
FS0157;2026-02-10;FS-2026-0016;12.2;46.27;1.69;4.61;4.43;0.037;80.87;82.46;Conforme
FS0158;2026-02-10;FS-2026-0016;12.13;46.86;1.97;4.34;4.28;0.081;82.48;89.14;Excelente
FS0159;2026-02-10;FS-2026-0016;12.12;45.72;2.3;5.33;4.4;0.089;82.44;79.42;Atencao
FS0160;2026-02-10;FS-2026-0016;12.6;45.8;1.69;5.41;4.88;0.092;83.5;84.83;Conforme
FS0161;2026-02-11;FS-2026-0017;12.49;47.0;1.79;4.86;4.37;0.14;82.05;89.57;Excelente
FS0162;2026-02-11;FS-2026-0017;12.62;46.24;1.3;5.27;5.0;0.045;81.9;84.91;Conforme
FS0163;2026-02-11;FS-2026-0017;12.19;45.57;1.54;3.5;4.24;0.083;82.71;83.04;Conforme
FS0164;2026-02-11;FS-2026-0017;12.69;46.07;1.82;5.36;4.57;0.098;81.87;83.64;Conforme
FS0165;2026-02-12;FS-2026-0017;12.0;46.62;2.19;4.54;4.76;0.036;83.88;82.56;Conforme
FS0166;2026-02-12;FS-2026-0017;12.39;46.44;1.28;6.0;4.74;0.027;81.96;85.53;Conforme
FS0167;2026-02-12;FS-2026-0017;12.65;45.99;2.09;5.18;4.61;0.131;79.32;78.51;Atencao
FS0168;2026-02-12;FS-2026-0017;13.0;46.02;1.96;4.21;4.56;0.082;81.93;80.89;Conforme
FS0169;2026-02-13;FS-2026-0017;12.74;46.7;1.78;4.79;4.57;0.05;82.23;87.84;Conforme
FS0170;2026-02-13;FS-2026-0017;12.3;45.72;2.04;4.61;4.86;0.215;82.51;77.78;Atencao
FS0171;2026-02-13;FS-2026-0018;12.19;46.71;2.04;5.06;4.39;0.094;83.62;88.71;Excelente
FS0172;2026-02-13;FS-2026-0018;12.05;46.6;1.94;4.93;4.44;0.084;81.68;81.74;Conforme
FS0173;2026-02-14;FS-2026-0018;12.07;47.0;2.07;4.15;4.4;0.062;82.02;87.72;Conforme
FS0174;2026-02-14;FS-2026-0018;12.56;45.77;1.31;4.3;4.21;0.058;82.1;83.66;Conforme
FS0175;2026-02-14;FS-2026-0018;12.56;46.42;1.97;4.29;4.22;0.058;81.62;86.6;Conforme
FS0176;2026-02-14;FS-2026-0018;12.01;46.81;1.2;5.05;4.96;0.058;84.31;86.4;Conforme
FS0177;2026-02-15;FS-2026-0018;12.83;45.87;1.7;4.18;4.59;0.072;83.44;84.58;Conforme
FS0178;2026-02-15;FS-2026-0018;13.0;45.95;1.2;4.29;4.68;0.167;83.31;81.65;Conforme
FS0179;2026-02-15;FS-2026-0018;12.34;46.51;2.1;4.19;4.48;0.08;84.68;91.2;Excelente
FS0180;2026-02-15;FS-2026-0018;12.95;45.86;1.54;5.51;4.55;0.078;81.95;80.31;Conforme
FS0181;2026-02-16;FS-2026-0019;12.0;46.33;1.9;3.55;4.22;0.087;82.3;84.95;Conforme
FS0182;2026-02-16;FS-2026-0019;12.61;45.93;1.81;4.71;4.24;0.024;81.66;81.66;Conforme
FS0183;2026-02-16;FS-2026-0019;12.43;45.4;1.2;5.39;4.68;0.038;81.65;80.17;Conforme
FS0184;2026-02-16;FS-2026-0019;12.68;46.05;1.51;5.24;4.42;0.073;81.87;82.96;Conforme
FS0185;2026-02-17;FS-2026-0019;12.16;46.56;2.25;3.8;4.69;0.082;83.19;87.48;Conforme
FS0186;2026-02-17;FS-2026-0019;13.0;45.6;1.24;5.0;4.64;0.066;82.34;78.55;Atencao
FS0187;2026-02-17;FS-2026-0019;12.65;46.61;1.65;4.56;4.56;0.119;80.04;86.3;Conforme
FS0188;2026-02-17;FS-2026-0019;12.69;46.08;1.94;4.78;4.17;0.121;82.3;82.84;Conforme
FS0189;2026-02-18;FS-2026-0019;12.3;46.28;1.44;3.91;4.4;0.049;82.3;86.69;Conforme
FS0190;2026-02-18;FS-2026-0019;12.26;46.4;1.86;3.91;4.47;0.126;83.69;90.66;Excelente
FS0191;2026-02-18;FS-2026-0020;12.6;45.61;2.26;4.98;4.82;0.213;81.1;77.03;Atencao
FS0192;2026-02-18;FS-2026-0020;12.82;46.45;1.77;4.74;4.65;0.106;82.01;85.78;Conforme
FS0193;2026-02-19;FS-2026-0020;12.42;47.0;1.76;4.15;4.23;0.103;82.9;93.11;Excelente
FS0194;2026-02-19;FS-2026-0020;12.39;45.77;2.16;4.32;4.37;0.104;81.98;83.77;Conforme
FS0195;2026-02-19;FS-2026-0020;12.63;46.12;1.63;4.64;4.32;0.047;83.63;87.4;Conforme
FS0196;2026-02-19;FS-2026-0020;12.17;46.44;1.35;4.31;4.53;0.072;84.28;88.27;Excelente
FS0197;2026-02-20;FS-2026-0020;12.34;45.77;1.39;4.97;4.72;0.105;83.62;85.1;Conforme
FS0198;2026-02-20;FS-2026-0020;12.36;46.19;2.21;4.39;4.54;0.094;82.18;86.67;Conforme
FS0199;2026-02-20;FS-2026-0020;12.41;46.23;1.62;4.31;4.67;0.182;80.02;81.86;Conforme
FS0200;2026-02-20;FS-2026-0020;12.68;46.08;1.91;4.93;4.68;0.036;82.19;81.95;Conforme
FS0201;2026-02-21;FS-2026-0021;12.68;45.74;1.38;4.68;4.3;0.093;82.2;85.43;Conforme
FS0202;2026-02-21;FS-2026-0021;12.23;46.78;2.45;4.41;4.33;0.056;83.15;86.41;Conforme
FS0203;2026-02-21;FS-2026-0021;12.28;46.48;1.29;4.9;4.75;0.139;81.72;85.46;Conforme
FS0204;2026-02-21;FS-2026-0021;12.3;46.77;1.82;4.14;4.51;0.151;81.05;86.71;Conforme
FS0205;2026-02-22;FS-2026-0021;12.75;45.35;1.45;4.5;4.95;0.125;81.99;80.45;Conforme
FS0206;2026-02-22;FS-2026-0021;12.76;46.58;1.69;5.16;4.47;0.036;82.23;86.07;Conforme
FS0207;2026-02-22;FS-2026-0021;12.55;46.52;1.52;5.23;4.34;0.069;82.18;90.19;Excelente
FS0208;2026-02-22;FS-2026-0021;12.5;45.76;2.05;3.55;4.15;0.133;81.35;85.35;Conforme
FS0209;2026-02-23;FS-2026-0021;12.39;45.66;1.95;4.02;4.47;0.179;81.14;81.44;Conforme
FS0210;2026-02-23;FS-2026-0021;12.02;45.59;1.68;4.78;4.33;0.082;82.36;76.85;Atencao
FS0211;2026-02-23;FS-2026-0022;12.39;46.07;1.97;4.69;4.62;0.203;83.85;84.32;Conforme
FS0212;2026-02-23;FS-2026-0022;12.44;46.3;1.64;4.0;4.66;0.035;84.36;86.67;Conforme
FS0213;2026-02-24;FS-2026-0022;12.45;46.17;1.47;4.67;4.72;0.121;82.32;87.57;Conforme
FS0214;2026-02-24;FS-2026-0022;13.0;46.85;1.95;3.5;4.7;0.076;83.91;88.17;Excelente
FS0215;2026-02-24;FS-2026-0022;12.39;46.08;1.25;4.46;4.67;0.071;80.86;85.87;Conforme
FS0216;2026-02-24;FS-2026-0022;12.16;46.64;1.83;4.39;4.33;0.116;83.73;89.91;Excelente
FS0217;2026-02-25;FS-2026-0022;12.22;46.18;1.85;3.78;4.22;0.067;83.62;89.13;Excelente
FS0218;2026-02-25;FS-2026-0022;12.31;45.75;2.2;4.73;4.99;0.084;81.32;80.25;Conforme
FS0219;2026-02-25;FS-2026-0022;12.0;45.72;1.38;4.95;4.67;0.052;80.63;76.11;Atencao
FS0220;2026-02-25;FS-2026-0022;12.32;45.37;1.49;5.29;4.56;0.043;82.23;79.52;Atencao
FS0221;2026-02-26;FS-2026-0023;12.57;46.07;1.86;4.13;4.12;0.091;82.62;86.28;Conforme
FS0222;2026-02-26;FS-2026-0023;12.06;46.81;1.2;4.23;4.08;0.189;80.91;84.08;Conforme
FS0223;2026-02-26;FS-2026-0023;12.54;45.92;1.42;5.05;4.39;0.035;82.77;85.54;Conforme
FS0224;2026-02-26;FS-2026-0023;12.49;46.51;1.69;4.66;4.61;0.077;82.68;91.51;Excelente
FS0225;2026-02-27;FS-2026-0023;13.0;46.29;1.99;4.67;4.59;0.163;83.31;81.22;Conforme
FS0226;2026-02-27;FS-2026-0023;12.36;45.89;1.52;5.3;4.58;0.089;83.79;88.73;Excelente
FS0227;2026-02-27;FS-2026-0023;12.7;46.09;2.04;4.08;4.94;0.109;82.24;82.84;Conforme
FS0228;2026-02-27;FS-2026-0023;12.08;46.04;1.75;4.54;4.41;0.088;82.52;83.0;Conforme
FS0229;2026-02-28;FS-2026-0023;12.64;46.31;1.24;5.35;4.54;0.118;81.65;87.35;Conforme
FS0230;2026-02-28;FS-2026-0023;12.73;46.83;2.05;3.56;4.69;0.107;83.49;93.3;Excelente
FS0231;2026-02-28;FS-2026-0024;12.8;45.74;1.87;3.5;4.48;0.075;82.26;82.97;Conforme
FS0232;2026-02-28;FS-2026-0024;12.63;46.2;2.22;4.66;4.49;0.123;83.38;86.6;Conforme
FS0233;2026-03-01;FS-2026-0024;12.93;45.86;2.13;3.61;4.37;0.07;82.37;82.64;Conforme
FS0234;2026-03-01;FS-2026-0024;12.35;46.22;1.98;5.79;4.38;0.037;80.84;80.33;Conforme
FS0235;2026-03-01;FS-2026-0024;12.49;46.85;1.93;4.37;4.46;0.114;80.41;91.81;Excelente
FS0236;2026-03-01;FS-2026-0024;12.53;46.57;1.62;4.28;4.18;0.081;83.71;90.56;Excelente
FS0237;2026-03-02;FS-2026-0024;12.51;45.52;1.39;5.13;4.41;0.058;80.32;81.22;Conforme
FS0238;2026-03-02;FS-2026-0024;12.68;46.36;1.43;5.5;4.55;0.122;82.39;87.2;Conforme
FS0239;2026-03-02;FS-2026-0024;12.59;46.2;1.59;3.5;4.71;0.02;83.03;87.25;Conforme
FS0240;2026-03-02;FS-2026-0024;12.56;46.53;1.66;4.04;4.5;0.173;82.19;88.68;Excelente
FS0241;2026-03-03;FS-2026-0025;12.59;45.45;1.78;4.77;4.39;0.079;79.53;79.05;Atencao
FS0242;2026-03-03;FS-2026-0025;12.91;45.1;1.84;5.01;4.34;0.112;81.14;76.2;Atencao
FS0243;2026-03-03;FS-2026-0025;12.51;46.23;2.0;4.21;4.83;0.099;81.05;85.81;Conforme
FS0244;2026-03-03;FS-2026-0025;12.69;45.77;1.78;4.55;4.66;0.145;80.99;81.27;Conforme
FS0245;2026-03-04;FS-2026-0025;12.89;45.24;1.99;4.43;4.62;0.142;83.84;76.93;Atencao
FS0246;2026-03-04;FS-2026-0025;12.07;45.86;1.61;4.52;4.43;0.076;82.64;82.69;Conforme
FS0247;2026-03-04;FS-2026-0025;12.51;46.09;1.54;4.92;4.66;0.164;82.49;86.29;Conforme
FS0248;2026-03-04;FS-2026-0025;12.35;46.09;1.31;5.35;4.44;0.086;81.17;84.99;Conforme
FS0249;2026-03-05;FS-2026-0025;12.5;46.19;1.68;5.59;4.48;0.143;81.77;85.27;Conforme
FS0250;2026-03-05;FS-2026-0025;12.67;46.14;1.2;4.92;4.39;0.089;81.22;86.48;Conforme
FS0251;2026-03-05;FS-2026-0026;12.81;46.04;2.09;5.4;4.35;0.185;82.66;80.01;Conforme
FS0252;2026-03-05;FS-2026-0026;12.53;46.1;2.11;4.19;4.53;0.165;81.66;83.28;Conforme
FS0253;2026-03-06;FS-2026-0026;12.16;46.7;1.8;3.5;4.63;0.023;82.16;85.02;Conforme
FS0254;2026-03-06;FS-2026-0026;12.89;45.9;2.2;3.94;4.48;0.05;81.69;82.33;Conforme
FS0255;2026-03-06;FS-2026-0026;12.36;45.85;1.54;4.6;4.54;0.098;82.02;87.18;Conforme
FS0256;2026-03-06;FS-2026-0026;12.99;46.06;1.26;5.13;4.81;0.082;81.61;78.18;Atencao
FS0257;2026-03-07;FS-2026-0026;12.43;46.11;1.61;4.48;4.53;0.128;80.39;84.1;Conforme
FS0258;2026-03-07;FS-2026-0026;12.58;46.17;1.48;4.18;4.17;0.096;82.52;88.14;Excelente
FS0259;2026-03-07;FS-2026-0026;12.65;46.16;1.84;5.02;4.72;0.117;83.32;85.97;Conforme
FS0260;2026-03-07;FS-2026-0026;12.6;46.74;2.18;5.41;4.35;0.064;82.46;87.08;Conforme
FS0261;2026-03-08;FS-2026-0027;12.43;46.33;2.4;4.34;4.54;0.08;81.58;87.42;Conforme
FS0262;2026-03-08;FS-2026-0027;12.58;46.58;2.19;5.23;4.59;0.07;80.46;87.38;Conforme
FS0263;2026-03-08;FS-2026-0027;12.68;45.66;1.75;4.4;4.47;0.127;81.95;82.41;Conforme
FS0264;2026-03-08;FS-2026-0027;12.8;45.8;1.4;5.42;4.36;0.093;81.96;80.05;Conforme
FS0265;2026-03-09;FS-2026-0027;12.27;46.12;2.03;5.51;4.42;0.05;81.29;81.86;Conforme
FS0266;2026-03-09;FS-2026-0027;12.53;45.93;1.94;5.25;4.45;0.083;81.69;83.0;Conforme
FS0267;2026-03-09;FS-2026-0027;12.51;45.91;1.88;4.44;4.24;0.088;80.58;83.69;Conforme
FS0268;2026-03-09;FS-2026-0027;12.52;45.6;1.96;4.72;4.34;0.102;81.7;82.96;Conforme
FS0269;2026-03-10;FS-2026-0027;12.94;45.99;1.71;5.65;4.01;0.105;81.27;77.56;Atencao
FS0270;2026-03-10;FS-2026-0027;12.53;46.51;1.86;4.48;4.58;0.07;82.2;90.47;Excelente
FS0271;2026-03-10;FS-2026-0028;12.7;46.5;1.49;3.58;4.73;0.071;80.02;85.9;Conforme
FS0272;2026-03-10;FS-2026-0028;12.43;45.86;1.35;4.57;4.8;0.075;82.49;84.91;Conforme
FS0273;2026-03-11;FS-2026-0028;12.83;46.77;1.29;4.83;4.71;0.051;82.69;86.18;Conforme
FS0274;2026-03-11;FS-2026-0028;12.31;45.88;2.17;4.19;4.8;0.063;82.08;82.05;Conforme
FS0275;2026-03-11;FS-2026-0028;12.97;45.59;1.27;3.84;4.6;0.111;81.61;78.75;Atencao
FS0276;2026-03-11;FS-2026-0028;12.59;46.32;1.26;4.8;4.59;0.11;82.76;87.85;Conforme
FS0277;2026-03-12;FS-2026-0028;12.0;46.19;1.92;5.15;4.44;0.102;83.48;83.49;Conforme
FS0278;2026-03-12;FS-2026-0028;12.76;45.46;1.94;4.34;4.67;0.139;82.13;79.65;Atencao
FS0279;2026-03-12;FS-2026-0028;12.28;46.51;1.63;4.53;4.56;0.121;83.16;87.89;Conforme
FS0280;2026-03-12;FS-2026-0028;12.59;46.78;2.47;5.17;4.65;0.172;80.76;85.92;Conforme
FS0281;2026-03-13;FS-2026-0029;12.83;46.3;1.38;5.5;4.24;0.075;80.57;80.14;Conforme
FS0282;2026-03-13;FS-2026-0029;12.37;45.89;1.95;4.87;4.38;0.119;81.87;83.86;Conforme
FS0283;2026-03-13;FS-2026-0029;12.48;46.35;1.88;4.63;4.77;0.076;82.09;87.35;Conforme
FS0284;2026-03-13;FS-2026-0029;12.68;45.73;1.63;4.42;4.73;0.033;84.49;85.09;Conforme
FS0285;2026-03-14;FS-2026-0029;12.59;46.93;1.44;5.03;4.36;0.081;81.47;90.16;Excelente
FS0286;2026-03-14;FS-2026-0029;12.47;45.87;1.55;5.55;4.35;0.196;82.19;82.02;Conforme
FS0287;2026-03-14;FS-2026-0029;12.0;46.31;2.5;4.6;4.35;0.111;81.76;78.98;Atencao
FS0288;2026-03-14;FS-2026-0029;12.64;46.56;1.81;4.48;4.46;0.064;81.54;88.01;Excelente
FS0289;2026-03-15;FS-2026-0029;12.2;46.32;1.87;4.17;4.16;0.114;83.61;85.16;Conforme
FS0290;2026-03-15;FS-2026-0029;12.48;46.07;1.93;4.33;4.15;0.109;81.47;87.56;Conforme
FS0291;2026-03-15;FS-2026-0030;12.19;45.71;1.64;5.37;4.63;0.068;80.92;76.33;Atencao
FS0292;2026-03-15;FS-2026-0030;12.52;46.37;1.51;5.55;4.54;0.09;81.9;88.48;Excelente
FS0293;2026-03-16;FS-2026-0030;12.07;45.9;1.64;4.92;4.54;0.084;83.05;82.37;Conforme
FS0294;2026-03-16;FS-2026-0030;12.59;46.12;1.82;4.33;4.03;0.087;81.53;83.84;Conforme
FS0295;2026-03-16;FS-2026-0030;12.56;46.11;1.45;5.07;4.2;0.164;82.99;87.11;Conforme
FS0296;2026-03-16;FS-2026-0030;12.7;46.2;2.03;4.72;5.0;0.156;82.02;81.26;Conforme
FS0297;2026-03-17;FS-2026-0030;12.37;46.42;1.98;4.49;4.32;0.074;81.56;87.75;Conforme
FS0298;2026-03-17;FS-2026-0030;12.55;45.55;2.13;4.64;4.25;0.112;81.98;83.1;Conforme
FS0299;2026-03-17;FS-2026-0030;12.54;45.42;1.35;4.13;4.47;0.033;81.52;80.85;Conforme
FS0300;2026-03-17;FS-2026-0030;12.44;45.59;1.83;5.49;4.57;0.105;82.53;83.6;Conforme
FS0301;2026-03-18;FS-2026-0031;12.59;46.02;1.88;3.81;4.19;0.076;82.3;85.85;Conforme
FS0302;2026-03-18;FS-2026-0031;12.11;45.93;1.7;3.5;4.51;0.099;85.0;88.79;Excelente
FS0303;2026-03-18;FS-2026-0031;12.8;45.98;1.64;3.76;4.63;0.137;82.03;83.9;Conforme
FS0304;2026-03-18;FS-2026-0031;12.35;45.99;1.94;4.19;4.5;0.126;82.48;85.9;Conforme
FS0305;2026-03-19;FS-2026-0031;12.31;45.55;1.5;3.5;4.49;0.06;81.99;81.84;Conforme
FS0306;2026-03-19;FS-2026-0031;12.46;45.93;1.55;4.71;4.41;0.05;80.93;85.65;Conforme
FS0307;2026-03-19;FS-2026-0031;12.08;46.57;2.03;4.08;4.2;0.124;81.8;83.59;Conforme
FS0308;2026-03-19;FS-2026-0031;12.64;46.24;1.59;5.23;4.54;0.106;81.37;85.44;Conforme
FS0309;2026-03-20;FS-2026-0031;13.0;45.72;1.76;5.09;4.62;0.048;81.95;76.04;Atencao
FS0310;2026-03-20;FS-2026-0031;12.56;45.27;1.37;5.14;4.0;0.093;83.61;81.68;Conforme
FS0311;2026-03-20;FS-2026-0032;12.38;45.87;1.86;4.47;4.13;0.197;81.73;80.85;Conforme
FS0312;2026-03-20;FS-2026-0032;13.0;46.59;2.02;3.84;4.79;0.109;82.2;84.39;Conforme
FS0313;2026-03-21;FS-2026-0032;12.45;46.65;1.75;5.32;4.36;0.094;83.2;91.27;Excelente
FS0314;2026-03-21;FS-2026-0032;12.4;46.74;1.86;4.48;4.06;0.089;82.83;87.33;Conforme
FS0315;2026-03-21;FS-2026-0032;12.64;45.62;1.44;3.57;4.17;0.041;81.74;79.9;Atencao
FS0316;2026-03-21;FS-2026-0032;12.27;46.27;1.72;4.54;4.46;0.101;82.91;88.72;Excelente
FS0317;2026-03-22;FS-2026-0032;12.52;46.07;2.06;4.15;4.75;0.132;81.45;85.87;Conforme
FS0318;2026-03-22;FS-2026-0032;12.6;46.43;1.93;5.73;4.76;0.164;82.67;84.73;Conforme
FS0319;2026-03-22;FS-2026-0032;12.18;45.36;1.74;3.77;4.79;0.178;80.9;77.5;Atencao
FS0320;2026-03-22;FS-2026-0032;12.55;45.93;2.47;4.45;4.44;0.059;82.96;87.19;Conforme
FS0321;2026-03-23;FS-2026-0033;12.34;45.92;1.63;5.85;4.61;0.165;83.86;82.97;Conforme
FS0322;2026-03-23;FS-2026-0033;12.26;46.12;2.25;3.99;4.84;0.066;80.75;81.72;Conforme
FS0323;2026-03-23;FS-2026-0033;12.48;46.12;1.66;5.44;4.45;0.042;82.88;85.12;Conforme
FS0324;2026-03-23;FS-2026-0033;12.29;46.0;1.91;4.89;4.66;0.097;82.64;85.34;Conforme
FS0325;2026-03-24;FS-2026-0033;12.89;45.54;1.47;5.48;4.48;0.053;82.26;76.51;Atencao
FS0326;2026-03-24;FS-2026-0033;12.48;46.83;1.66;4.34;4.45;0.157;81.03;89.85;Excelente
FS0327;2026-03-24;FS-2026-0033;12.8;45.52;2.07;4.42;4.14;0.048;82.52;77.02;Atencao
FS0328;2026-03-24;FS-2026-0033;12.64;47.0;1.67;4.22;4.5;0.048;81.86;91.9;Excelente
FS0329;2026-03-25;FS-2026-0033;12.38;45.86;1.21;4.38;4.74;0.107;82.35;88.47;Excelente
FS0330;2026-03-25;FS-2026-0033;12.37;46.48;1.72;5.7;4.55;0.167;81.96;83.82;Conforme
FS0331;2026-03-25;FS-2026-0034;12.5;45.8;2.5;4.97;4.57;0.111;80.57;80.74;Conforme
FS0332;2026-03-25;FS-2026-0034;12.42;45.61;2.17;4.81;4.75;0.084;81.79;83.62;Conforme
FS0333;2026-03-26;FS-2026-0034;12.37;46.19;1.84;5.04;4.31;0.102;81.78;86.07;Conforme
FS0334;2026-03-26;FS-2026-0034;12.04;46.09;1.97;5.04;4.51;0.051;81.35;80.14;Conforme
FS0335;2026-03-26;FS-2026-0034;12.03;46.32;1.93;4.46;4.04;0.095;81.8;80.86;Conforme
FS0336;2026-03-26;FS-2026-0034;12.54;46.05;1.96;3.72;4.23;0.095;82.89;89.08;Excelente
FS0337;2026-03-27;FS-2026-0034;12.39;46.17;1.61;5.36;4.13;0.055;81.19;82.83;Conforme
FS0338;2026-03-27;FS-2026-0034;12.2;46.47;1.78;5.31;4.3;0.04;81.78;84.62;Conforme
FS0339;2026-03-27;FS-2026-0034;12.53;45.9;1.8;3.92;4.44;0.069;82.18;85.65;Conforme
FS0340;2026-03-27;FS-2026-0034;12.38;46.84;1.31;4.84;4.75;0.122;82.09;88.44;Excelente
FS0341;2026-03-28;FS-2026-0035;12.28;45.63;1.52;4.82;4.22;0.088;82.6;80.54;Conforme
FS0342;2026-03-28;FS-2026-0035;12.48;45.95;1.75;3.73;4.41;0.073;81.42;88.41;Excelente
FS0343;2026-03-28;FS-2026-0035;12.14;46.27;1.87;4.94;4.45;0.037;81.19;81.41;Conforme
FS0344;2026-03-28;FS-2026-0035;12.43;46.29;1.77;4.25;4.55;0.09;78.99;83.2;Conforme
FS0345;2026-03-29;FS-2026-0035;12.39;46.22;1.21;5.11;4.47;0.077;84.27;89.22;Excelente
FS0346;2026-03-29;FS-2026-0035;12.53;45.61;2.05;4.28;4.36;0.073;83.59;87.3;Conforme
FS0347;2026-03-29;FS-2026-0035;12.5;46.12;1.66;4.26;4.16;0.061;82.36;87.19;Conforme
FS0348;2026-03-29;FS-2026-0035;12.42;46.1;1.99;4.68;4.66;0.127;81.61;82.92;Conforme
FS0349;2026-03-30;FS-2026-0035;12.58;46.0;2.0;3.99;4.61;0.122;82.06;86.96;Conforme
FS0350;2026-03-30;FS-2026-0035;12.91;45.35;1.94;3.5;4.37;0.153;80.43;78.53;Atencao
FS0351;2026-03-30;FS-2026-0036;12.36;46.26;2.37;4.5;4.31;0.031;84.65;87.27;Conforme
FS0352;2026-03-30;FS-2026-0036;12.35;46.29;1.6;4.53;4.47;0.065;81.33;87.88;Conforme
FS0353;2026-03-31;FS-2026-0036;12.47;46.46;2.25;4.53;4.53;0.072;80.94;87.57;Conforme
FS0354;2026-03-31;FS-2026-0036;12.1;46.02;1.9;3.99;4.96;0.146;82.63;81.16;Conforme
FS0355;2026-03-31;FS-2026-0036;12.03;46.18;2.5;4.6;4.55;0.109;82.91;84.39;Conforme
FS0356;2026-03-31;FS-2026-0036;12.45;46.13;1.76;4.16;4.34;0.049;81.99;84.46;Conforme
FS0357;2026-04-01;FS-2026-0036;12.55;46.06;2.26;4.22;4.42;0.076;81.14;85.16;Conforme
FS0358;2026-04-01;FS-2026-0036;12.54;45.33;1.85;4.26;4.05;0.075;82.58;82.54;Conforme
FS0359;2026-04-01;FS-2026-0036;12.37;46.05;1.25;5.08;4.61;0.073;82.34;85.86;Conforme
FS0360;2026-04-01;FS-2026-0036;12.19;46.08;1.74;4.58;4.92;0.091;81.94;84.07;Conforme
FS0361;2026-04-02;FS-2026-0037;13.0;45.9;2.18;3.5;4.54;0.04;83.29;82.62;Conforme
FS0362;2026-04-02;FS-2026-0037;12.11;46.36;2.0;4.67;4.57;0.043;83.9;85.83;Conforme
FS0363;2026-04-02;FS-2026-0037;12.45;45.97;1.86;4.23;4.37;0.106;83.01;86.2;Conforme
FS0364;2026-04-02;FS-2026-0037;12.37;46.24;1.93;4.77;4.65;0.124;81.32;85.23;Conforme
FS0365;2026-04-03;FS-2026-0037;12.45;46.36;1.43;4.98;4.63;0.12;81.61;86.6;Conforme
FS0366;2026-04-03;FS-2026-0037;12.56;47.0;2.17;4.9;4.3;0.104;81.86;90.73;Excelente
FS0367;2026-04-03;FS-2026-0037;12.83;46.2;1.92;4.69;4.46;0.063;81.02;82.12;Conforme
FS0368;2026-04-03;FS-2026-0037;12.48;46.01;1.52;3.87;4.34;0.106;82.45;88.84;Excelente
FS0369;2026-04-04;FS-2026-0037;12.22;46.06;1.54;4.81;4.36;0.069;80.32;80.98;Conforme
FS0370;2026-04-04;FS-2026-0037;12.29;46.08;1.38;4.41;4.58;0.187;82.54;84.33;Conforme
FS0371;2026-04-04;FS-2026-0038;12.0;46.38;1.57;4.15;4.56;0.113;82.64;86.48;Conforme
FS0372;2026-04-04;FS-2026-0038;12.48;46.28;1.52;5.26;4.62;0.165;82.15;85.88;Conforme
FS0373;2026-04-05;FS-2026-0038;12.52;46.25;1.42;3.96;4.37;0.135;81.51;87.16;Conforme
FS0374;2026-04-05;FS-2026-0038;12.33;46.75;1.91;4.28;4.6;0.029;84.17;89.45;Excelente
FS0375;2026-04-05;FS-2026-0038;12.71;46.14;1.46;3.95;4.5;0.064;82.45;85.22;Conforme
FS0376;2026-04-05;FS-2026-0038;12.6;46.28;1.93;4.37;4.55;0.026;81.89;85.35;Conforme
FS0377;2026-04-06;FS-2026-0038;12.89;46.61;1.85;4.29;4.46;0.093;82.97;88.64;Excelente
FS0378;2026-04-06;FS-2026-0038;12.5;46.01;1.27;4.73;4.5;0.124;81.76;87.26;Conforme
FS0379;2026-04-06;FS-2026-0038;12.4;45.85;1.57;4.71;4.35;0.048;83.03;81.58;Conforme
FS0380;2026-04-06;FS-2026-0038;12.83;46.52;1.77;4.92;4.62;0.06;82.59;84.79;Conforme
FS0381;2026-04-07;FS-2026-0039;12.41;45.89;1.83;5.18;4.51;0.181;81.06;81.2;Conforme
FS0382;2026-04-07;FS-2026-0039;12.73;46.26;1.2;5.16;4.4;0.152;82.42;84.5;Conforme
FS0383;2026-04-07;FS-2026-0039;12.75;46.37;2.01;4.32;4.33;0.139;83.74;88.45;Excelente
FS0384;2026-04-07;FS-2026-0039;12.28;46.29;1.83;4.08;4.61;0.178;82.59;88.16;Excelente
FS0385;2026-04-08;FS-2026-0039;12.23;46.52;2.19;4.73;4.55;0.152;80.55;81.85;Conforme
FS0386;2026-04-08;FS-2026-0039;12.58;45.93;2.11;4.74;4.44;0.102;83.63;87.22;Conforme
FS0387;2026-04-08;FS-2026-0039;12.19;45.9;2.2;5.41;4.24;0.054;82.69;81.36;Conforme
FS0388;2026-04-08;FS-2026-0039;12.82;45.61;1.83;4.78;4.03;0.059;83.46;80.09;Conforme
FS0389;2026-04-09;FS-2026-0039;12.38;45.8;2.03;4.98;4.52;0.147;82.81;82.89;Conforme
FS0390;2026-04-09;FS-2026-0039;12.42;45.82;1.49;4.05;4.39;0.018;81.6;83.7;Conforme
FS0391;2026-04-09;FS-2026-0040;12.18;46.13;1.2;4.41;4.66;0.05;83.1;84.61;Conforme
FS0392;2026-04-09;FS-2026-0040;12.39;46.0;2.2;4.45;4.35;0.055;83.66;84.56;Conforme
FS0393;2026-04-10;FS-2026-0040;12.58;45.83;1.53;5.18;4.27;0.06;82.95;84.16;Conforme
FS0394;2026-04-10;FS-2026-0040;12.28;45.45;2.21;4.14;4.17;0.081;81.66;77.83;Atencao
FS0395;2026-04-10;FS-2026-0040;12.32;46.01;2.05;4.08;4.38;0.082;82.15;85.68;Conforme
FS0396;2026-04-10;FS-2026-0040;12.59;45.14;1.81;5.12;4.17;0.123;82.36;78.48;Atencao
FS0397;2026-04-11;FS-2026-0040;12.32;45.82;1.86;3.5;4.13;0.092;83.15;86.45;Conforme
FS0398;2026-04-11;FS-2026-0040;12.79;46.56;1.2;4.38;4.39;0.154;81.43;87.25;Conforme
FS0399;2026-04-11;FS-2026-0040;12.91;45.92;1.74;4.49;4.62;0.054;82.39;80.87;Conforme
FS0400;2026-04-11;FS-2026-0040;12.54;46.49;1.89;4.15;4.79;0.054;82.87;89.73;Excelente
FS0401;2026-04-12;FS-2026-0041;12.89;45.42;1.49;4.83;4.88;0.047;83.03;76.74;Atencao
FS0402;2026-04-12;FS-2026-0041;12.27;46.61;1.84;4.79;4.84;0.066;81.47;86.04;Conforme
FS0403;2026-04-12;FS-2026-0041;12.59;45.94;1.41;5.02;4.7;0.127;83.06;86.0;Conforme
FS0404;2026-04-12;FS-2026-0041;12.71;46.07;1.45;4.96;4.63;0.115;80.87;84.26;Conforme
FS0405;2026-04-13;FS-2026-0041;12.08;46.27;1.89;4.43;4.41;0.065;83.14;84.98;Conforme
FS0406;2026-04-13;FS-2026-0041;12.51;46.32;2.1;3.92;4.61;0.136;81.66;87.28;Conforme
FS0407;2026-04-13;FS-2026-0041;12.1;46.03;1.54;4.93;4.39;0.107;82.03;81.98;Conforme
FS0408;2026-04-13;FS-2026-0041;12.33;46.26;1.24;4.89;4.59;0.069;82.87;87.8;Conforme
FS0409;2026-04-14;FS-2026-0041;12.1;46.95;1.77;4.15;4.57;0.197;79.94;82.1;Conforme
FS0410;2026-04-14;FS-2026-0041;12.28;46.21;1.89;5.4;4.54;0.096;81.84;84.66;Conforme
FS0411;2026-04-14;FS-2026-0042;12.33;46.28;2.11;4.38;4.31;0.15;81.61;81.21;Conforme
FS0412;2026-04-14;FS-2026-0042;12.26;45.67;1.99;3.5;4.71;0.067;82.17;81.87;Conforme
FS0413;2026-04-15;FS-2026-0042;12.28;46.04;1.67;4.63;4.67;0.121;83.22;83.77;Conforme
FS0414;2026-04-15;FS-2026-0042;12.08;46.64;1.86;4.29;4.3;0.069;82.36;85.46;Conforme
FS0415;2026-04-15;FS-2026-0042;12.37;46.32;2.04;4.91;4.33;0.157;81.62;83.78;Conforme
FS0416;2026-04-15;FS-2026-0042;12.63;45.3;1.82;5.39;4.41;0.108;80.81;80.82;Conforme
FS0417;2026-04-16;FS-2026-0042;12.03;46.71;1.77;5.38;4.76;0.026;81.95;82.62;Conforme
FS0418;2026-04-16;FS-2026-0042;12.41;45.89;1.47;5.52;4.31;0.186;80.2;79.28;Atencao
FS0419;2026-04-16;FS-2026-0042;12.84;45.81;2.39;4.83;4.46;0.128;82.15;81.9;Conforme
FS0420;2026-04-16;FS-2026-0042;12.36;45.93;1.94;4.93;4.59;0.023;81.05;80.5;Conforme
FS0421;2026-04-17;FS-2026-0043;12.22;46.24;1.84;5.23;4.38;0.141;80.11;80.92;Conforme
FS0422;2026-04-17;FS-2026-0043;12.52;46.59;2.5;3.5;5.0;0.058;83.41;90.71;Excelente
FS0423;2026-04-17;FS-2026-0043;12.45;46.04;2.25;5.6;4.36;0.072;80.95;82.9;Conforme
FS0424;2026-04-17;FS-2026-0043;12.19;46.74;1.47;4.25;4.65;0.095;81.77;86.29;Conforme
FS0425;2026-04-18;FS-2026-0043;12.89;46.23;1.96;4.78;4.4;0.067;81.96;82.07;Conforme
FS0426;2026-04-18;FS-2026-0043;12.24;46.17;2.04;4.44;4.22;0.087;83.07;82.89;Conforme
FS0427;2026-04-18;FS-2026-0043;12.3;46.33;1.96;3.91;4.21;0.137;82.54;86.51;Conforme
FS0428;2026-04-18;FS-2026-0043;12.66;46.0;1.47;4.78;4.28;0.087;82.75;85.95;Conforme
FS0429;2026-04-19;FS-2026-0043;12.71;45.3;2.08;4.69;5.0;0.092;83.31;79.41;Atencao
FS0430;2026-04-19;FS-2026-0043;12.18;46.59;1.68;4.74;4.73;0.026;82.56;84.37;Conforme
FS0431;2026-04-19;FS-2026-0044;12.29;46.46;1.92;5.03;4.38;0.103;82.02;89.2;Excelente
FS0432;2026-04-19;FS-2026-0044;12.13;45.7;2.0;4.15;4.7;0.105;83.36;81.65;Conforme
FS0433;2026-04-20;FS-2026-0044;12.36;46.77;1.92;4.36;4.59;0.135;82.13;89.16;Excelente
FS0434;2026-04-20;FS-2026-0044;12.3;46.39;1.2;4.89;4.59;0.057;83.95;88.44;Excelente
FS0435;2026-04-20;FS-2026-0044;12.97;45.97;1.83;4.06;4.71;0.084;80.88;78.89;Atencao
FS0436;2026-04-20;FS-2026-0044;12.93;46.26;1.7;4.91;4.19;0.043;82.41;82.55;Conforme
FS0437;2026-04-21;FS-2026-0044;12.87;45.94;1.72;5.48;4.42;0.158;82.57;81.52;Conforme
FS0438;2026-04-21;FS-2026-0044;12.68;45.77;1.2;4.24;4.53;0.086;83.65;86.26;Conforme
FS0439;2026-04-21;FS-2026-0044;12.82;45.98;1.8;5.65;4.48;0.096;79.6;79.64;Atencao
FS0440;2026-04-21;FS-2026-0044;12.3;45.9;1.67;4.08;4.54;0.099;82.15;85.16;Conforme
FS0441;2026-04-22;FS-2026-0045;12.55;46.23;2.44;5.48;5.0;0.057;82.01;82.88;Conforme
FS0442;2026-04-22;FS-2026-0045;12.39;46.46;1.51;3.75;4.37;0.086;81.55;88.67;Excelente
FS0443;2026-04-22;FS-2026-0045;12.6;45.7;1.46;5.2;4.2;0.17;82.14;80.92;Conforme
FS0444;2026-04-22;FS-2026-0045;12.52;46.37;1.77;4.32;4.55;0.033;83.05;89.17;Excelente
FS0445;2026-04-23;FS-2026-0045;12.57;47.0;2.1;4.44;4.92;0.087;82.48;91.24;Excelente
FS0446;2026-04-23;FS-2026-0045;12.62;46.47;2.34;4.56;4.38;0.066;82.55;87.18;Conforme
FS0447;2026-04-23;FS-2026-0045;12.4;45.95;1.66;4.86;4.63;0.13;81.51;81.87;Conforme
FS0448;2026-04-23;FS-2026-0045;12.8;46.14;1.54;5.39;4.84;0.094;80.87;82.4;Conforme
FS0449;2026-04-24;FS-2026-0045;12.88;45.99;2.37;5.84;4.54;0.085;81.33;80.35;Conforme
FS0450;2026-04-24;FS-2026-0045;12.3;46.32;1.3;4.36;4.39;0.079;81.65;84.68;Conforme
FS0451;2026-04-24;FS-2026-0046;13.0;45.87;1.64;5.34;4.47;0.066;82.23;78.78;Atencao
FS0452;2026-04-24;FS-2026-0046;12.54;47.0;2.12;3.63;4.67;0.098;80.63;92.47;Excelente
FS0453;2026-04-25;FS-2026-0046;12.66;46.21;1.73;5.04;4.66;0.112;82.27;87.67;Conforme
FS0454;2026-04-25;FS-2026-0046;12.44;46.21;2.03;3.67;4.55;0.15;81.09;86.35;Conforme
FS0455;2026-04-25;FS-2026-0046;12.6;46.08;1.66;5.65;4.24;0.043;82.43;81.65;Conforme
FS0456;2026-04-25;FS-2026-0046;12.34;45.89;1.93;4.49;4.49;0.098;83.21;85.65;Conforme
FS0457;2026-04-26;FS-2026-0046;12.33;45.71;1.35;4.35;4.26;0.095;80.33;81.74;Conforme
FS0458;2026-04-26;FS-2026-0046;12.44;46.07;1.2;4.57;4.58;0.11;82.4;87.31;Conforme
FS0459;2026-04-26;FS-2026-0046;12.27;46.23;1.67;4.17;4.59;0.074;83.08;88.55;Excelente
FS0460;2026-04-26;FS-2026-0046;12.52;45.89;1.65;4.29;4.64;0.116;83.18;86.12;Conforme
FS0461;2026-04-27;FS-2026-0047;12.55;46.17;1.72;5.15;4.24;0.12;81.87;86.81;Conforme
FS0462;2026-04-27;FS-2026-0047;12.72;46.81;1.93;4.25;4.31;0.05;84.84;90.73;Excelente
FS0463;2026-04-27;FS-2026-0047;12.89;46.21;2.1;4.48;4.79;0.066;81.53;80.77;Conforme
FS0464;2026-04-27;FS-2026-0047;12.1;46.29;2.47;4.75;4.49;0.091;81.86;81.34;Conforme
FS0465;2026-04-28;FS-2026-0047;12.32;46.28;2.0;4.36;4.59;0.096;81.29;86.49;Conforme
FS0466;2026-04-28;FS-2026-0047;12.74;45.97;1.39;4.93;4.59;0.076;80.87;82.58;Conforme
FS0467;2026-04-28;FS-2026-0047;12.49;47.0;1.71;4.89;4.16;0.021;82.38;90.01;Excelente
FS0468;2026-04-28;FS-2026-0047;12.55;46.1;1.66;5.15;4.21;0.134;79.57;82.68;Conforme
FS0469;2026-04-29;FS-2026-0047;12.61;46.02;1.94;5.35;4.75;0.205;81.76;79.74;Atencao
FS0470;2026-04-29;FS-2026-0047;12.25;46.1;1.53;4.55;4.38;0.063;81.14;82.34;Conforme
FS0471;2026-04-29;FS-2026-0048;12.32;46.32;2.18;5.35;4.66;0.083;81.08;81.42;Conforme
FS0472;2026-04-29;FS-2026-0048;12.48;45.96;2.33;4.98;4.26;0.109;84.1;88.01;Excelente
FS0473;2026-04-30;FS-2026-0048;12.3;45.88;2.0;4.57;4.24;0.106;82.06;80.88;Conforme
FS0474;2026-04-30;FS-2026-0048;12.65;46.44;2.41;4.72;4.28;0.075;81.87;85.21;Conforme
FS0475;2026-04-30;FS-2026-0048;12.0;47.0;1.79;4.54;4.61;0.03;82.7;84.67;Conforme
FS0476;2026-04-30;FS-2026-0048;12.53;45.75;1.71;5.13;4.51;0.164;82.47;83.06;Conforme
FS0477;2026-05-01;FS-2026-0048;12.39;46.18;1.28;4.33;4.35;0.059;83.98;90.36;Excelente
FS0478;2026-05-01;FS-2026-0048;12.2;46.21;1.66;5.38;4.47;0.092;81.4;84.67;Conforme
FS0479;2026-05-01;FS-2026-0048;12.14;46.0;2.48;4.41;4.96;0.059;81.73;79.05;Atencao
FS0480;2026-05-01;FS-2026-0048;12.69;45.69;1.2;4.9;4.58;0.14;83.35;86.27;Conforme
FS0481;2026-05-02;FS-2026-0049;12.67;45.98;1.8;4.18;4.23;0.111;81.9;85.48;Conforme
FS0482;2026-05-02;FS-2026-0049;12.13;46.56;2.17;4.29;4.49;0.034;83.35;88.31;Excelente
FS0483;2026-05-02;FS-2026-0049;12.0;45.97;2.12;3.81;4.23;0.031;82.78;77.69;Atencao
FS0484;2026-05-02;FS-2026-0049;12.45;46.55;2.43;4.58;4.05;0.107;81.5;87.12;Conforme
FS0485;2026-05-03;FS-2026-0049;12.31;46.63;1.6;5.27;4.87;0.079;82.59;88.07;Excelente
FS0486;2026-05-03;FS-2026-0049;12.59;46.31;2.5;3.98;4.53;0.119;81.93;89.59;Excelente
FS0487;2026-05-03;FS-2026-0049;12.73;46.17;1.76;4.43;4.37;0.048;82.31;84.02;Conforme
FS0488;2026-05-03;FS-2026-0049;12.37;46.21;1.99;4.83;4.42;0.05;82.89;85.13;Conforme
FS0489;2026-05-04;FS-2026-0049;12.4;46.13;2.17;5.32;4.85;0.169;80.62;77.92;Atencao
FS0490;2026-05-04;FS-2026-0049;12.16;46.54;1.69;3.8;4.37;0.116;83.04;90.07;Excelente
FS0491;2026-05-04;FS-2026-0050;12.22;46.16;1.87;5.07;4.86;0.182;80.58;78.79;Atencao
FS0492;2026-05-04;FS-2026-0050;12.4;46.75;1.62;4.78;4.38;0.066;81.58;88.99;Excelente
FS0493;2026-05-05;FS-2026-0050;12.87;45.65;2.04;4.61;4.43;0.121;82.22;77.71;Atencao
FS0494;2026-05-05;FS-2026-0050;12.04;46.25;1.51;4.52;4.17;0.052;83.85;83.63;Conforme
FS0495;2026-05-05;FS-2026-0050;12.54;45.91;1.74;4.28;4.36;0.198;81.82;83.69;Conforme
FS0496;2026-05-05;FS-2026-0050;12.43;46.36;1.82;5.07;4.36;0.108;83.93;90.82;Excelente
FS0497;2026-05-06;FS-2026-0050;12.36;45.74;1.4;4.71;4.18;0.186;80.73;79.79;Atencao
FS0498;2026-05-06;FS-2026-0050;12.35;45.82;1.68;4.6;4.7;0.078;82.17;81.13;Conforme
FS0499;2026-05-06;FS-2026-0050;12.65;45.78;1.43;3.92;4.67;0.052;83.95;86.84;Conforme
FS0500;2026-05-06;FS-2026-0050;12.66;45.99;1.55;4.94;4.2;0.172;81.22;81.56;Conforme
FS0501;2026-05-07;FS-2026-0051;12.55;46.4;1.69;4.37;4.25;0.184;81.74;85.57;Conforme
FS0502;2026-05-07;FS-2026-0051;12.76;45.77;1.71;4.01;4.44;0.026;82.41;80.41;Conforme
FS0503;2026-05-07;FS-2026-0051;12.34;46.37;1.66;4.74;4.42;0.152;81.85;85.14;Conforme
FS0504;2026-05-07;FS-2026-0051;12.46;46.4;1.72;4.62;4.33;0.096;81.68;89.18;Excelente
FS0505;2026-05-08;FS-2026-0051;12.32;45.52;1.73;4.82;4.0;0.028;83.15;79.69;Atencao
FS0506;2026-05-08;FS-2026-0051;12.29;45.91;1.5;5.34;4.23;0.125;81.59;84.97;Conforme
FS0507;2026-05-08;FS-2026-0051;12.52;46.15;1.32;5.49;4.73;0.057;82.7;87.42;Conforme
FS0508;2026-05-08;FS-2026-0051;12.52;46.45;1.3;5.15;4.14;0.142;84.26;89.53;Excelente
FS0509;2026-05-09;FS-2026-0051;12.09;46.66;1.49;4.12;4.8;0.034;81.84;85.05;Conforme
FS0510;2026-05-09;FS-2026-0051;12.52;46.27;2.07;4.19;4.6;0.037;82.61;89.76;Excelente
FS0511;2026-05-09;FS-2026-0052;12.17;46.05;1.47;5.31;4.42;0.135;82.41;79.86;Atencao
FS0512;2026-05-09;FS-2026-0052;12.64;46.77;1.47;4.08;4.45;0.16;82.94;90.31;Excelente
FS0513;2026-05-10;FS-2026-0052;12.39;45.58;1.85;4.0;4.79;0.166;81.36;79.33;Atencao
FS0514;2026-05-10;FS-2026-0052;12.58;46.45;1.91;3.92;4.45;0.143;82.16;87.46;Conforme
FS0515;2026-05-10;FS-2026-0052;12.64;46.43;1.31;4.46;4.65;0.145;81.44;86.76;Conforme
FS0516;2026-05-10;FS-2026-0052;12.62;45.58;1.5;4.31;4.47;0.162;81.73;82.84;Conforme
FS0517;2026-05-11;FS-2026-0052;12.8;45.09;2.38;4.57;4.27;0.082;81.84;76.88;Atencao
FS0518;2026-05-11;FS-2026-0052;12.74;46.31;1.81;3.5;4.42;0.164;81.25;85.75;Conforme
FS0519;2026-05-11;FS-2026-0052;12.75;46.62;1.95;4.86;4.58;0.042;81.55;82.28;Conforme
FS0520;2026-05-11;FS-2026-0052;12.8;45.39;1.23;4.39;4.5;0.186;82.42;78.63;Atencao
FS0521;2026-05-12;FS-2026-0053;12.52;45.4;1.67;5.35;4.97;0.122;82.8;82.69;Conforme
FS0522;2026-05-12;FS-2026-0053;12.85;46.03;2.43;3.5;4.33;0.136;82.43;83.43;Conforme
FS0523;2026-05-12;FS-2026-0053;12.87;46.03;1.46;4.58;4.65;0.185;81.9;80.49;Conforme
FS0524;2026-05-12;FS-2026-0053;12.5;46.05;2.15;4.7;4.36;0.1;81.39;87.29;Conforme
FS0525;2026-05-13;FS-2026-0053;12.23;46.31;2.28;4.17;4.38;0.092;82.2;84.57;Conforme
FS0526;2026-05-13;FS-2026-0053;12.14;46.7;1.5;4.95;4.52;0.09;82.51;88.25;Excelente
FS0527;2026-05-13;FS-2026-0053;12.41;46.22;2.07;5.34;4.69;0.055;81.29;82.67;Conforme
FS0528;2026-05-13;FS-2026-0053;12.83;46.15;1.3;4.27;4.67;0.113;82.59;85.01;Conforme
FS0529;2026-05-14;FS-2026-0053;12.18;45.74;1.52;4.44;4.34;0.049;82.27;82.28;Conforme
FS0530;2026-05-14;FS-2026-0053;12.75;45.29;1.63;5.66;4.34;0.117;82.85;77.07;Atencao
FS0531;2026-05-14;FS-2026-0054;12.29;46.12;1.54;5.79;4.17;0.029;81.51;79.86;Atencao
FS0532;2026-05-14;FS-2026-0054;12.58;46.39;1.67;5.1;4.13;0.11;82.75;89.22;Excelente
FS0533;2026-05-15;FS-2026-0054;12.36;45.69;1.49;5.1;4.53;0.07;82.55;82.6;Conforme
FS0534;2026-05-15;FS-2026-0054;12.8;45.58;1.61;5.0;4.36;0.047;80.4;76.73;Atencao
FS0535;2026-05-15;FS-2026-0054;12.23;46.03;1.93;4.89;4.37;0.085;83.34;86.99;Conforme
FS0536;2026-05-15;FS-2026-0054;12.74;45.82;2.13;5.54;4.84;0.11;81.4;80.35;Conforme
FS0537;2026-05-16;FS-2026-0054;12.49;46.2;1.78;3.86;4.29;0.069;84.26;90.61;Excelente
FS0538;2026-05-16;FS-2026-0054;12.01;46.47;1.7;4.78;4.66;0.115;82.35;85.0;Conforme
FS0539;2026-05-16;FS-2026-0054;12.47;46.45;1.76;3.73;4.13;0.105;82.76;91.96;Excelente
FS0540;2026-05-16;FS-2026-0054;12.6;46.11;2.07;4.97;4.2;0.104;82.73;88.89;Excelente
FS0541;2026-05-17;FS-2026-0055;12.0;45.44;2.01;4.33;4.49;0.077;81.96;77.55;Atencao
FS0542;2026-05-17;FS-2026-0055;12.64;46.17;1.64;5.13;4.06;0.036;81.34;81.77;Conforme
FS0543;2026-05-17;FS-2026-0055;12.85;45.47;2.35;4.24;4.48;0.133;80.3;75.89;Atencao
FS0544;2026-05-17;FS-2026-0055;12.58;45.97;1.55;5.02;4.62;0.082;82.08;85.81;Conforme
FS0545;2026-05-18;FS-2026-0055;12.64;46.61;1.92;4.18;5.0;0.094;83.88;88.94;Excelente
FS0546;2026-05-18;FS-2026-0055;12.75;46.25;1.76;4.08;4.39;0.096;82.92;88.32;Excelente
FS0547;2026-05-18;FS-2026-0055;12.3;46.47;1.73;5.37;4.34;0.156;82.26;85.04;Conforme
FS0548;2026-05-18;FS-2026-0055;12.3;46.07;1.86;4.25;4.36;0.149;81.75;84.7;Conforme
FS0549;2026-05-19;FS-2026-0055;12.13;45.94;1.42;5.01;4.31;0.061;82.96;82.6;Conforme
FS0550;2026-05-19;FS-2026-0055;12.56;45.62;1.8;5.45;4.09;0.036;82.18;79.24;Atencao
FS0551;2026-05-19;FS-2026-0056;12.7;46.61;1.58;4.92;4.5;0.082;82.48;87.34;Conforme
FS0552;2026-05-19;FS-2026-0056;12.5;45.75;1.66;4.39;4.65;0.071;82.49;86.02;Conforme
FS0553;2026-05-20;FS-2026-0056;12.12;45.88;1.4;4.46;4.65;0.2;81.97;79.22;Atencao
FS0554;2026-05-20;FS-2026-0056;12.57;45.46;1.64;5.24;4.61;0.029;80.06;77.29;Atencao
FS0555;2026-05-20;FS-2026-0056;12.15;45.86;1.2;5.22;4.51;0.091;82.04;82.44;Conforme
FS0556;2026-05-20;FS-2026-0056;12.62;46.6;2.09;5.02;4.7;0.035;82.36;86.17;Conforme
FS0557;2026-05-21;FS-2026-0056;12.42;46.13;2.04;4.44;4.5;0.074;82.42;86.42;Conforme
FS0558;2026-05-21;FS-2026-0056;12.71;45.81;2.12;4.62;4.37;0.052;80.67;80.0;Conforme
FS0559;2026-05-21;FS-2026-0056;12.3;46.75;1.81;4.8;4.63;0.059;81.76;87.0;Conforme
FS0560;2026-05-21;FS-2026-0056;12.28;46.1;2.5;4.03;4.2;0.093;83.49;84.67;Conforme
FS0561;2026-05-22;FS-2026-0057;12.33;47.0;1.84;5.67;4.41;0.121;83.23;89.37;Excelente
FS0562;2026-05-22;FS-2026-0057;12.38;45.41;1.66;4.72;4.49;0.085;82.3;83.96;Conforme
FS0563;2026-05-22;FS-2026-0057;12.93;45.88;1.2;4.33;4.84;0.072;81.27;79.27;Atencao
FS0564;2026-05-22;FS-2026-0057;12.43;47.0;1.88;4.75;4.49;0.068;84.1;97.24;Excelente
FS0565;2026-05-23;FS-2026-0057;12.99;46.67;1.86;4.17;4.46;0.056;82.37;86.14;Conforme
FS0566;2026-05-23;FS-2026-0057;12.32;46.35;1.26;5.1;4.43;0.131;81.4;83.18;Conforme
FS0567;2026-05-23;FS-2026-0057;12.24;45.95;2.01;5.26;4.16;0.1;80.32;78.73;Atencao
FS0568;2026-05-23;FS-2026-0057;12.42;46.63;1.2;5.05;4.84;0.096;83.26;91.37;Excelente
FS0569;2026-05-24;FS-2026-0057;12.58;45.69;1.96;4.15;4.89;0.036;80.3;77.25;Atencao
FS0570;2026-05-24;FS-2026-0057;12.56;46.26;1.44;4.09;4.96;0.108;82.96;88.48;Excelente
FS0571;2026-05-24;FS-2026-0058;12.87;45.93;2.12;4.02;4.31;0.065;82.66;81.6;Conforme
FS0572;2026-05-24;FS-2026-0058;12.26;46.2;2.19;4.05;4.39;0.105;82.25;85.12;Conforme
FS0573;2026-05-25;FS-2026-0058;12.47;45.71;1.81;4.35;4.44;0.076;82.74;85.33;Conforme
FS0574;2026-05-25;FS-2026-0058;12.77;46.03;1.63;5.32;4.52;0.15;82.56;83.47;Conforme
FS0575;2026-05-25;FS-2026-0058;12.39;46.54;1.54;4.89;4.45;0.111;84.03;91.17;Excelente
FS0576;2026-05-25;FS-2026-0058;12.07;46.45;1.4;5.51;4.43;0.05;80.4;80.08;Conforme
FS0577;2026-05-26;FS-2026-0058;13.0;46.27;1.61;5.95;4.6;0.07;82.32;79.93;Atencao
FS0578;2026-05-26;FS-2026-0058;12.6;46.74;1.75;4.86;4.96;0.093;80.38;85.25;Conforme
FS0579;2026-05-26;FS-2026-0058;12.59;46.4;2.1;5.63;4.57;0.086;82.79;86.34;Conforme
FS0580;2026-05-26;FS-2026-0058;12.06;46.36;1.7;4.38;4.52;0.057;83.51;86.92;Conforme
FS0581;2026-05-27;FS-2026-0059;12.62;46.67;1.8;4.18;4.23;0.021;83.42;86.75;Conforme
FS0582;2026-05-27;FS-2026-0059;12.2;46.29;1.24;5.08;4.59;0.119;79.29;81.83;Conforme
FS0583;2026-05-27;FS-2026-0059;12.79;45.61;1.77;4.64;4.53;0.073;82.19;80.32;Conforme
FS0584;2026-05-27;FS-2026-0059;12.27;45.5;1.26;4.89;4.37;0.105;83.57;82.49;Conforme
FS0585;2026-05-28;FS-2026-0059;12.5;46.66;1.32;4.07;4.43;0.043;83.04;91.82;Excelente
FS0586;2026-05-28;FS-2026-0059;12.31;46.5;2.14;5.09;4.47;0.107;82.27;87.26;Conforme
FS0587;2026-05-28;FS-2026-0059;12.61;46.06;1.82;4.95;4.49;0.038;81.22;82.26;Conforme
FS0588;2026-05-28;FS-2026-0059;12.48;45.84;1.21;3.87;4.45;0.017;80.71;84.49;Conforme
FS0589;2026-05-29;FS-2026-0059;12.7;45.91;1.74;4.44;4.54;0.084;82.55;84.99;Conforme
FS0590;2026-05-29;FS-2026-0059;12.57;46.31;1.47;4.75;4.03;0.126;82.47;88.78;Excelente
FS0591;2026-05-29;FS-2026-0060;12.01;46.27;1.98;4.56;4.45;0.081;83.56;82.87;Conforme
FS0592;2026-05-29;FS-2026-0060;12.62;46.06;1.68;4.93;4.72;0.11;81.71;86.82;Conforme
FS0593;2026-05-30;FS-2026-0060;12.77;46.14;1.84;3.5;4.67;0.091;83.32;89.74;Excelente
FS0594;2026-05-30;FS-2026-0060;12.81;45.57;1.94;4.46;4.66;0.164;82.7;77.68;Atencao
FS0595;2026-05-30;FS-2026-0060;12.67;45.61;2.09;5.09;4.66;0.1;81.59;80.95;Conforme
FS0596;2026-05-30;FS-2026-0060;12.38;45.85;1.43;4.44;4.39;0.041;81.94;81.49;Conforme
FS0597;2026-05-31;FS-2026-0060;12.55;45.6;1.44;5.73;4.24;0.107;83.83;83.56;Conforme
FS0598;2026-05-31;FS-2026-0060;12.78;46.07;1.79;4.31;4.54;0.132;82.93;84.91;Conforme
FS0599;2026-05-31;FS-2026-0060;12.39;47.0;2.26;5.29;4.07;0.128;80.38;85.18;Conforme
FS0600;2026-05-31;FS-2026-0060;12.0;46.09;1.9;4.19;4.37;0.103;83.79;84.43;Conforme
FS0601;2026-06-01;FS-2026-0061;12.56;46.37;1.43;4.71;4.53;0.14;83.08;88.16;Excelente
FS0602;2026-06-01;FS-2026-0061;12.0;45.36;1.65;4.53;4.58;0.11;81.97;78.01;Atencao
FS0603;2026-06-01;FS-2026-0061;12.09;46.09;2.29;4.98;4.7;0.051;82.34;77.94;Atencao
FS0604;2026-06-01;FS-2026-0061;12.46;45.44;1.79;3.77;4.22;0.034;83.23;84.47;Conforme
FS0605;2026-06-02;FS-2026-0061;12.69;46.01;2.27;5.1;4.02;0.074;82.87;80.89;Conforme
FS0606;2026-06-02;FS-2026-0061;12.53;46.13;2.01;4.75;4.68;0.13;82.29;86.54;Conforme
FS0607;2026-06-02;FS-2026-0061;12.55;46.68;1.95;3.85;4.86;0.141;82.89;89.59;Excelente
FS0608;2026-06-02;FS-2026-0061;12.57;46.76;1.46;4.65;4.59;0.103;82.77;91.68;Excelente
FS0609;2026-06-03;FS-2026-0061;12.28;46.29;1.84;4.84;4.52;0.105;84.02;87.88;Conforme
FS0610;2026-06-03;FS-2026-0061;12.47;45.92;1.65;5.04;4.56;0.125;80.76;84.7;Conforme
FS0611;2026-06-03;FS-2026-0062;12.65;46.11;1.45;3.96;4.53;0.027;81.13;84.98;Conforme
FS0612;2026-06-03;FS-2026-0062;12.27;45.59;1.77;4.89;4.51;0.172;82.05;79.72;Atencao
FS0613;2026-06-04;FS-2026-0062;13.0;45.62;1.31;4.44;4.4;0.079;83.21;79.39;Atencao
FS0614;2026-06-04;FS-2026-0062;12.54;46.07;1.75;4.89;4.22;0.087;81.82;85.28;Conforme
FS0615;2026-06-04;FS-2026-0062;12.6;46.15;1.52;4.65;4.48;0.092;82.13;87.93;Conforme
FS0616;2026-06-04;FS-2026-0062;12.39;45.42;2.01;4.57;4.69;0.077;79.45;77.89;Atencao
FS0617;2026-06-05;FS-2026-0062;12.33;46.97;1.87;5.61;4.75;0.037;82.58;88.42;Excelente
FS0618;2026-06-05;FS-2026-0062;12.38;46.35;1.58;4.33;4.54;0.065;82.67;87.5;Conforme
FS0619;2026-06-05;FS-2026-0062;12.47;45.86;1.78;3.99;4.81;0.125;81.56;85.53;Conforme
FS0620;2026-06-05;FS-2026-0062;12.63;46.24;2.12;4.88;4.73;0.135;81.16;84.57;Conforme
FS0621;2026-06-06;FS-2026-0063;12.92;46.23;1.59;4.84;4.93;0.132;82.08;82.67;Conforme
FS0622;2026-06-06;FS-2026-0063;12.63;46.52;1.75;3.71;4.41;0.084;82.39;88.44;Excelente
FS0623;2026-06-06;FS-2026-0063;12.51;45.97;2.18;5.11;4.56;0.038;81.07;81.02;Conforme
FS0624;2026-06-06;FS-2026-0063;12.85;45.77;1.2;5.06;4.29;0.043;82.74;79.76;Atencao
FS0625;2026-06-07;FS-2026-0063;12.7;46.06;1.62;4.15;4.4;0.073;82.34;87.61;Conforme
FS0626;2026-06-07;FS-2026-0063;12.5;46.71;1.26;5.2;4.63;0.043;80.95;87.29;Conforme
FS0627;2026-06-07;FS-2026-0063;12.51;46.0;2.01;4.87;4.3;0.057;83.04;85.57;Conforme
FS0628;2026-06-07;FS-2026-0063;12.65;45.93;1.79;4.39;4.77;0.104;81.76;86.13;Conforme
FS0629;2026-06-08;FS-2026-0063;12.47;46.43;1.44;4.18;4.79;0.129;81.36;89.7;Excelente
FS0630;2026-06-08;FS-2026-0063;12.43;46.28;2.28;4.38;4.45;0.025;82.58;85.42;Conforme
FS0631;2026-06-08;FS-2026-0064;12.34;46.13;1.54;4.54;4.33;0.144;83.27;87.05;Conforme
FS0632;2026-06-08;FS-2026-0064;12.36;46.49;1.33;5.98;4.42;0.146;82.06;85.48;Conforme
FS0633;2026-06-09;FS-2026-0064;12.79;46.0;1.68;4.23;4.16;0.115;81.41;84.5;Conforme
FS0634;2026-06-09;FS-2026-0064;12.59;46.25;1.84;4.58;4.74;0.098;82.84;88.98;Excelente
FS0635;2026-06-09;FS-2026-0064;12.37;45.82;1.67;4.35;4.23;0.091;82.94;86.13;Conforme
FS0636;2026-06-09;FS-2026-0064;12.88;46.17;1.82;4.1;4.03;0.146;82.47;82.75;Conforme
FS0637;2026-06-10;FS-2026-0064;12.52;46.25;1.68;4.93;4.39;0.129;81.56;87.99;Conforme
FS0638;2026-06-10;FS-2026-0064;12.86;46.08;1.79;4.51;4.68;0.086;83.16;85.24;Conforme
FS0639;2026-06-10;FS-2026-0064;12.36;46.52;1.8;4.76;4.82;0.085;81.09;85.53;Conforme
FS0640;2026-06-10;FS-2026-0064;12.4;46.52;2.07;4.31;4.5;0.081;81.44;88.32;Excelente
FS0641;2026-06-11;FS-2026-0065;12.35;46.23;2.17;5.46;4.33;0.025;81.53;80.46;Conforme
FS0642;2026-06-11;FS-2026-0065;12.42;45.61;1.86;4.66;4.0;0.082;81.37;80.84;Conforme
FS0643;2026-06-11;FS-2026-0065;12.5;46.41;2.15;4.42;4.27;0.069;83.03;90.64;Excelente
FS0644;2026-06-11;FS-2026-0065;12.0;46.51;1.85;3.79;4.44;0.055;81.61;86.07;Conforme
FS0645;2026-06-12;FS-2026-0065;12.11;46.54;2.11;4.18;4.76;0.159;82.28;84.42;Conforme
FS0646;2026-06-12;FS-2026-0065;12.61;46.38;2.13;4.88;4.89;0.079;80.68;84.3;Conforme
FS0647;2026-06-12;FS-2026-0065;12.92;45.79;1.52;4.91;4.13;0.07;83.12;78.45;Atencao
FS0648;2026-06-12;FS-2026-0065;12.5;46.52;1.87;4.38;4.29;0.105;82.76;89.55;Excelente
FS0649;2026-06-13;FS-2026-0065;12.64;46.26;2.01;4.05;4.63;0.11;84.29;87.93;Conforme
FS0650;2026-06-13;FS-2026-0065;12.5;45.6;2.2;4.49;4.62;0.105;82.12;83.35;Conforme
FS0651;2026-06-13;FS-2026-0066;12.53;46.31;1.44;5.13;4.33;0.106;82.23;89.4;Excelente
FS0652;2026-06-13;FS-2026-0066;12.41;46.14;1.59;3.78;4.8;0.056;80.97;84.68;Conforme
FS0653;2026-06-14;FS-2026-0066;12.43;45.52;1.91;4.85;4.0;0.082;82.93;81.24;Conforme
FS0654;2026-06-14;FS-2026-0066;12.75;45.25;2.1;4.73;4.53;0.084;81.84;76.24;Atencao
FS0655;2026-06-14;FS-2026-0066;12.85;46.67;1.91;5.12;4.06;0.107;80.01;80.92;Conforme
FS0656;2026-06-14;FS-2026-0066;12.58;45.96;1.53;3.68;4.45;0.088;82.17;88.48;Excelente
FS0657;2026-06-15;FS-2026-0066;12.49;46.4;1.89;5.13;4.49;0.1;82.7;90.18;Excelente
FS0658;2026-06-15;FS-2026-0066;12.71;45.93;2.2;5.14;4.47;0.135;81.9;79.11;Atencao
FS0659;2026-06-15;FS-2026-0066;12.75;46.62;1.49;3.74;4.16;0.03;83.81;90.22;Excelente
FS0660;2026-06-15;FS-2026-0066;12.37;45.97;2.26;4.66;4.58;0.053;81.64;83.25;Conforme
FS0661;2026-06-16;FS-2026-0067;12.62;45.29;1.47;4.55;4.74;0.034;81.83;82.58;Conforme
FS0662;2026-06-16;FS-2026-0067;12.67;45.86;1.7;4.85;4.67;0.077;81.8;84.41;Conforme
FS0663;2026-06-16;FS-2026-0067;12.0;46.71;1.42;3.59;4.3;0.161;81.5;84.77;Conforme
FS0664;2026-06-16;FS-2026-0067;12.53;45.99;1.6;5.16;4.36;0.035;82.82;83.27;Conforme
FS0665;2026-06-17;FS-2026-0067;12.45;45.42;1.99;3.5;4.47;0.154;82.52;83.62;Conforme
FS0666;2026-06-17;FS-2026-0067;12.43;46.42;1.85;4.67;4.56;0.08;82.41;86.51;Conforme
FS0667;2026-06-17;FS-2026-0067;12.73;46.37;1.57;5.07;4.97;0.122;81.57;85.08;Conforme
FS0668;2026-06-17;FS-2026-0067;12.33;46.4;2.02;4.57;4.34;0.091;81.6;87.0;Conforme
FS0669;2026-06-18;FS-2026-0067;12.9;46.04;2.39;3.85;4.91;0.075;82.33;82.23;Conforme
FS0670;2026-06-18;FS-2026-0067;12.59;46.64;1.32;4.66;4.26;0.11;83.25;92.07;Excelente
FS0671;2026-06-18;FS-2026-0068;12.58;45.6;1.79;4.25;4.99;0.065;83.94;86.77;Conforme
FS0672;2026-06-18;FS-2026-0068;12.69;46.66;1.34;4.49;4.79;0.05;81.53;84.72;Conforme
FS0673;2026-06-19;FS-2026-0068;12.48;46.68;1.7;4.83;4.68;0.055;80.19;87.06;Conforme
FS0674;2026-06-19;FS-2026-0068;12.28;46.94;2.22;4.81;4.43;0.118;82.65;89.71;Excelente
FS0675;2026-06-19;FS-2026-0068;12.36;46.02;1.81;4.38;4.44;0.082;80.76;84.33;Conforme
FS0676;2026-06-19;FS-2026-0068;12.36;45.54;1.68;4.95;4.44;0.092;83.09;84.91;Conforme
FS0677;2026-06-20;FS-2026-0068;12.43;45.97;1.73;5.14;4.52;0.062;83.06;85.53;Conforme
FS0678;2026-06-20;FS-2026-0068;12.77;45.43;1.45;4.48;4.51;0.128;82.24;81.14;Conforme
FS0679;2026-06-20;FS-2026-0068;12.15;45.88;1.44;4.24;4.38;0.087;81.3;81.58;Conforme
FS0680;2026-06-20;FS-2026-0068;12.64;46.3;1.64;5.56;4.44;0.025;82.86;85.58;Conforme
FS0681;2026-06-21;FS-2026-0069;12.51;46.16;1.87;4.63;4.56;0.099;80.87;88.48;Excelente
FS0682;2026-06-21;FS-2026-0069;12.51;46.44;2.35;3.97;4.8;0.103;82.68;91.94;Excelente
FS0683;2026-06-21;FS-2026-0069;12.13;46.15;1.78;5.54;4.19;0.07;81.35;82.33;Conforme
FS0684;2026-06-21;FS-2026-0069;12.41;45.96;1.83;5.06;4.34;0.115;84.28;88.59;Excelente
FS0685;2026-06-22;FS-2026-0069;12.53;46.23;1.27;3.72;4.35;0.115;82.88;90.75;Excelente
FS0686;2026-06-22;FS-2026-0069;12.55;45.68;1.88;4.63;4.35;0.058;80.96;81.64;Conforme
FS0687;2026-06-22;FS-2026-0069;12.73;46.59;1.83;4.87;4.89;0.076;82.47;85.49;Conforme
FS0688;2026-06-22;FS-2026-0069;12.13;46.45;2.14;4.95;4.43;0.074;82.01;86.32;Conforme
FS0689;2026-06-23;FS-2026-0069;12.33;46.32;1.82;4.53;4.43;0.154;82.24;86.67;Conforme
FS0690;2026-06-23;FS-2026-0069;12.5;45.6;1.26;4.35;4.58;0.043;82.0;85.06;Conforme
FS0691;2026-06-23;FS-2026-0070;12.69;45.72;1.31;5.43;4.51;0.021;82.24;81.86;Conforme
FS0692;2026-06-23;FS-2026-0070;12.3;46.32;1.94;3.98;4.64;0.098;81.76;86.21;Conforme
FS0693;2026-06-24;FS-2026-0070;12.24;46.15;2.5;5.44;4.87;0.028;82.79;79.91;Atencao
FS0694;2026-06-24;FS-2026-0070;12.62;46.36;2.17;4.55;4.49;0.074;82.26;86.07;Conforme
FS0695;2026-06-24;FS-2026-0070;12.89;46.48;1.89;3.56;4.65;0.081;82.44;87.5;Conforme
FS0696;2026-06-24;FS-2026-0070;12.71;46.58;1.62;4.38;4.14;0.094;81.89;88.89;Excelente
FS0697;2026-06-25;FS-2026-0070;12.51;46.72;1.44;4.07;4.36;0.05;83.24;91.67;Excelente
FS0698;2026-06-25;FS-2026-0070;12.93;45.76;1.72;4.77;4.21;0.053;83.83;78.69;Atencao
FS0699;2026-06-25;FS-2026-0070;13.0;45.59;2.07;4.08;4.68;0.106;81.71;77.88;Atencao
FS0700;2026-06-25;FS-2026-0070;12.29;46.24;1.79;4.69;4.28;0.193;83.88;82.7;Conforme
FS0701;2026-06-26;FS-2026-0071;12.12;46.23;1.92;4.32;4.4;0.048;82.99;84.44;Conforme
FS0702;2026-06-26;FS-2026-0071;12.73;46.33;2.23;4.97;4.59;0.091;82.13;85.93;Conforme
FS0703;2026-06-26;FS-2026-0071;12.1;45.75;1.89;4.19;4.65;0.122;81.84;81.59;Conforme
FS0704;2026-06-26;FS-2026-0071;12.7;45.81;1.79;5.15;4.76;0.124;81.3;78.5;Atencao
FS0705;2026-06-27;FS-2026-0071;12.53;45.71;1.72;5.2;4.2;0.163;81.18;80.24;Conforme
FS0706;2026-06-27;FS-2026-0071;12.58;46.28;2.46;3.68;4.84;0.057;83.46;87.95;Conforme
FS0707;2026-06-27;FS-2026-0071;12.55;46.19;1.42;3.92;4.22;0.055;82.73;88.46;Excelente
FS0708;2026-06-27;FS-2026-0071;12.35;46.14;1.96;6.0;4.14;0.182;81.3;78.32;Atencao
FS0709;2026-06-28;FS-2026-0071;12.03;46.39;2.15;4.67;4.08;0.114;82.4;81.55;Conforme
FS0710;2026-06-28;FS-2026-0071;12.44;46.02;1.3;5.39;4.48;0.057;80.87;82.08;Conforme
FS0711;2026-06-28;FS-2026-0072;12.27;45.27;1.95;4.95;4.54;0.055;81.37;76.71;Atencao
FS0712;2026-06-28;FS-2026-0072;12.29;45.97;1.32;3.5;4.71;0.067;83.89;88.1;Excelente
FS0713;2026-06-29;FS-2026-0072;12.31;46.66;2.1;4.95;4.3;0.065;85.0;89.4;Excelente
FS0714;2026-06-29;FS-2026-0072;12.47;46.01;1.96;4.0;4.26;0.083;83.08;87.51;Conforme
FS0715;2026-06-29;FS-2026-0072;12.73;45.95;1.93;4.38;4.28;0.033;84.2;85.0;Conforme
FS0716;2026-06-29;FS-2026-0072;12.75;46.78;1.55;4.52;4.5;0.094;81.1;88.4;Excelente
FS0717;2026-06-30;FS-2026-0072;12.76;45.99;1.61;4.84;4.55;0.19;82.6;80.93;Conforme
FS0718;2026-06-30;FS-2026-0072;12.33;46.02;1.36;4.68;4.41;0.057;82.13;83.4;Conforme
FS0719;2026-06-30;FS-2026-0072;12.57;45.24;1.92;4.95;4.56;0.162;80.74;79.4;Atencao
FS0720;2026-06-30;FS-2026-0072;12.63;45.93;1.78;5.32;4.74;0.137;80.73;79.58;Atencao
FS0721;2026-07-01;FS-2026-0073;12.41;45.74;2.07;4.68;4.62;0.158;83.2;81.98;Conforme
FS0722;2026-07-01;FS-2026-0073;12.35;46.15;1.92;4.18;4.4;0.106;84.49;90.27;Excelente
FS0723;2026-07-01;FS-2026-0073;12.61;45.82;1.69;5.58;4.27;0.186;83.37;83.17;Conforme
FS0724;2026-07-01;FS-2026-0073;12.28;46.21;1.84;4.11;4.51;0.168;81.22;84.91;Conforme
FS0725;2026-07-02;FS-2026-0073;12.39;45.99;2.03;4.84;4.59;0.13;81.82;84.24;Conforme
FS0726;2026-07-02;FS-2026-0073;12.68;46.29;2.22;4.84;4.1;0.156;82.39;81.55;Conforme
FS0727;2026-07-02;FS-2026-0073;12.74;46.46;2.07;4.93;4.22;0.034;82.95;85.19;Conforme
FS0728;2026-07-02;FS-2026-0073;12.78;46.58;1.23;3.72;4.33;0.058;82.07;88.43;Excelente
FS0729;2026-07-03;FS-2026-0073;12.75;46.39;1.81;4.17;4.64;0.037;82.19;84.46;Conforme
FS0730;2026-07-03;FS-2026-0073;12.53;46.1;1.65;5.32;4.65;0.176;80.97;82.65;Conforme
FS0731;2026-07-03;FS-2026-0074;12.52;45.59;2.0;4.63;4.6;0.094;84.27;85.79;Conforme
FS0732;2026-07-03;FS-2026-0074;12.66;46.6;1.38;4.63;4.75;0.105;81.53;87.59;Conforme
FS0733;2026-07-04;FS-2026-0074;12.37;45.7;1.44;3.98;4.32;0.114;83.11;87.5;Conforme
FS0734;2026-07-04;FS-2026-0074;12.32;46.62;2.07;5.23;4.32;0.155;80.22;81.62;Conforme
FS0735;2026-07-04;FS-2026-0074;12.72;46.5;2.26;4.19;4.53;0.098;81.4;86.37;Conforme
FS0736;2026-07-04;FS-2026-0074;12.57;46.03;1.2;3.74;4.47;0.117;82.71;89.11;Excelente
FS0737;2026-07-05;FS-2026-0074;12.31;45.68;1.55;5.04;4.65;0.106;82.89;84.06;Conforme
FS0738;2026-07-05;FS-2026-0074;12.44;46.6;2.11;4.78;4.63;0.06;80.64;86.42;Conforme
FS0739;2026-07-05;FS-2026-0074;12.0;46.28;2.04;4.79;4.71;0.07;81.77;81.13;Conforme
FS0740;2026-07-05;FS-2026-0074;12.14;47.0;1.92;5.6;4.64;0.077;83.67;87.73;Conforme
FS0741;2026-07-06;FS-2026-0075;12.61;45.95;1.77;4.12;4.87;0.058;81.94;84.05;Conforme
FS0742;2026-07-06;FS-2026-0075;12.42;45.81;2.21;4.73;4.72;0.119;82.05;83.89;Conforme
FS0743;2026-07-06;FS-2026-0075;12.49;46.21;2.16;4.7;4.78;0.115;80.65;85.65;Conforme
FS0744;2026-07-06;FS-2026-0075;12.32;46.87;2.05;5.07;4.43;0.05;82.69;88.16;Excelente
FS0745;2026-07-07;FS-2026-0075;12.76;45.65;1.85;5.26;4.48;0.019;81.57;77.6;Atencao
FS0746;2026-07-07;FS-2026-0075;12.43;46.57;2.05;4.76;4.51;0.061;80.55;85.04;Conforme
FS0747;2026-07-07;FS-2026-0075;12.41;46.0;1.87;4.71;4.85;0.063;83.36;83.62;Conforme
FS0748;2026-07-07;FS-2026-0075;12.76;45.65;1.46;4.71;4.73;0.082;82.51;80.06;Conforme
FS0749;2026-07-08;FS-2026-0075;12.82;45.67;1.9;4.04;4.51;0.144;80.4;79.45;Atencao
FS0750;2026-07-08;FS-2026-0075;12.35;47.0;1.32;5.36;4.59;0.098;81.52;89.85;Excelente
FS0751;2026-07-08;FS-2026-0076;12.77;45.52;1.84;4.89;4.62;0.078;83.73;81.61;Conforme
FS0752;2026-07-08;FS-2026-0076;12.51;45.99;1.71;5.05;4.87;0.065;81.5;84.52;Conforme
FS0753;2026-07-09;FS-2026-0076;12.63;46.9;1.92;4.77;4.7;0.136;83.28;90.17;Excelente
FS0754;2026-07-09;FS-2026-0076;12.85;46.16;1.2;5.89;4.05;0.054;81.57;78.67;Atencao
FS0755;2026-07-09;FS-2026-0076;12.81;45.72;1.66;4.93;4.36;0.114;81.57;81.5;Conforme
FS0756;2026-07-09;FS-2026-0076;12.7;46.55;1.93;4.37;4.23;0.081;82.65;86.02;Conforme
FS0757;2026-07-10;FS-2026-0076;12.53;46.13;2.12;3.5;4.0;0.072;81.75;85.31;Conforme
FS0758;2026-07-10;FS-2026-0076;12.44;45.9;1.2;4.54;4.69;0.158;81.67;85.67;Conforme
FS0759;2026-07-10;FS-2026-0076;12.74;45.6;1.47;4.68;4.52;0.157;81.63;80.85;Conforme
FS0760;2026-07-10;FS-2026-0076;12.43;46.16;1.2;5.8;4.51;0.101;79.47;84.39;Conforme
FS0761;2026-07-11;FS-2026-0077;12.15;46.33;2.27;5.26;4.98;0.063;82.14;77.47;Atencao
FS0762;2026-07-11;FS-2026-0077;12.54;46.48;1.75;4.34;4.45;0.129;81.71;88.49;Excelente
FS0763;2026-07-11;FS-2026-0077;12.7;46.1;1.63;5.38;4.0;0.074;81.02;82.41;Conforme
FS0764;2026-07-11;FS-2026-0077;13.0;45.0;1.65;5.34;4.66;0.139;81.84;73.65;Atencao
FS0765;2026-07-12;FS-2026-0077;12.65;45.64;1.66;4.85;4.6;0.109;82.43;83.09;Conforme
FS0766;2026-07-12;FS-2026-0077;12.94;46.28;1.52;3.67;4.83;0.038;82.15;83.71;Conforme
FS0767;2026-07-12;FS-2026-0077;12.46;46.03;1.9;4.83;4.65;0.107;81.02;84.73;Conforme
FS0768;2026-07-12;FS-2026-0077;12.44;47.0;1.2;4.86;4.51;0.219;82.36;90.36;Excelente
FS0769;2026-07-13;FS-2026-0077;12.4;45.7;1.87;5.46;4.41;0.082;81.78;83.75;Conforme
FS0770;2026-07-13;FS-2026-0077;12.53;46.49;1.2;5.31;4.27;0.165;81.14;85.62;Conforme
FS0771;2026-07-13;FS-2026-0078;12.34;46.68;1.27;4.4;4.78;0.045;82.35;91.1;Excelente
FS0772;2026-07-13;FS-2026-0078;12.68;45.89;1.94;4.71;4.41;0.111;82.97;84.1;Conforme
FS0773;2026-07-14;FS-2026-0078;12.43;46.12;2.43;4.52;4.12;0.133;82.37;85.63;Conforme
FS0774;2026-07-14;FS-2026-0078;12.12;46.43;1.73;4.96;4.24;0.089;83.41;84.76;Conforme
FS0775;2026-07-14;FS-2026-0078;12.67;45.79;2.43;4.95;4.27;0.104;81.59;82.5;Conforme
FS0776;2026-07-14;FS-2026-0078;12.58;46.07;2.11;4.62;4.74;0.044;81.95;82.97;Conforme
FS0777;2026-07-15;FS-2026-0078;12.41;45.96;1.71;5.25;4.54;0.09;82.26;84.81;Conforme
FS0778;2026-07-15;FS-2026-0078;12.73;46.93;1.64;4.61;4.4;0.056;82.87;91.16;Excelente
FS0779;2026-07-15;FS-2026-0078;12.3;47.0;1.9;4.16;4.49;0.044;83.06;90.85;Excelente
FS0780;2026-07-15;FS-2026-0078;12.24;46.39;1.6;4.37;4.45;0.061;81.15;83.29;Conforme
FS0781;2026-07-16;FS-2026-0079;12.19;46.65;1.4;5.48;4.23;0.108;82.83;84.92;Conforme
FS0782;2026-07-16;FS-2026-0079;12.72;46.09;1.49;4.82;4.65;0.047;81.37;82.89;Conforme
FS0783;2026-07-16;FS-2026-0079;12.32;46.67;1.2;4.83;4.43;0.069;83.13;90.0;Excelente
FS0784;2026-07-16;FS-2026-0079;12.71;46.11;1.59;5.87;4.47;0.1;82.01;85.63;Conforme
FS0785;2026-07-17;FS-2026-0079;12.71;45.92;1.35;4.29;4.55;0.151;83.62;85.63;Conforme
FS0786;2026-07-17;FS-2026-0079;12.06;46.55;1.5;4.39;4.6;0.121;80.48;85.08;Conforme
FS0787;2026-07-17;FS-2026-0079;12.59;45.91;1.2;5.07;4.49;0.043;82.85;83.52;Conforme
FS0788;2026-07-17;FS-2026-0079;12.23;46.55;1.5;5.14;4.54;0.064;82.48;86.77;Conforme
FS0789;2026-07-18;FS-2026-0079;12.34;46.68;1.64;4.92;4.67;0.132;81.93;87.97;Conforme
FS0790;2026-07-18;FS-2026-0079;12.22;46.13;1.57;4.58;4.77;0.166;83.84;86.82;Conforme
FS0791;2026-07-18;FS-2026-0080;12.87;45.77;1.54;3.87;4.38;0.065;81.5;80.74;Conforme
FS0792;2026-07-18;FS-2026-0080;12.46;46.31;1.2;5.8;4.48;0.127;82.16;86.7;Conforme
FS0793;2026-07-19;FS-2026-0080;12.54;45.91;1.48;5.04;4.19;0.168;80.97;81.21;Conforme
FS0794;2026-07-19;FS-2026-0080;12.31;46.09;1.2;5.33;4.38;0.143;81.5;83.54;Conforme
FS0795;2026-07-19;FS-2026-0080;12.73;46.23;1.2;5.1;4.29;0.073;81.88;83.88;Conforme
FS0796;2026-07-19;FS-2026-0080;12.73;45.99;1.58;3.92;4.12;0.144;82.07;82.08;Conforme
FS0797;2026-07-20;FS-2026-0080;12.72;46.08;1.48;4.66;4.26;0.158;81.67;81.06;Conforme
FS0798;2026-07-20;FS-2026-0080;12.01;46.49;1.99;4.33;4.41;0.07;82.66;84.43;Conforme
FS0799;2026-07-20;FS-2026-0080;12.58;45.06;1.77;3.5;4.3;0.042;82.96;80.6;Conforme
FS0800;2026-07-20;FS-2026-0080;12.39;45.94;1.2;4.16;4.41;0.185;82.19;84.56;Conforme
FS0801;2026-07-21;FS-2026-0081;12.26;46.54;1.28;4.24;4.0;0.167;81.18;82.3;Conforme
FS0802;2026-07-21;FS-2026-0081;12.68;46.36;1.2;4.53;4.48;0.202;81.05;84.67;Conforme
FS0803;2026-07-21;FS-2026-0081;12.8;46.11;1.64;4.41;4.0;0.149;80.69;81.35;Conforme
FS0804;2026-07-21;FS-2026-0081;12.48;46.19;1.78;4.73;4.74;0.07;81.1;85.45;Conforme
FS0805;2026-07-22;FS-2026-0081;12.35;46.54;1.63;4.49;4.34;0.065;81.8;86.97;Conforme
FS0806;2026-07-22;FS-2026-0081;12.52;46.22;2.08;3.89;4.43;0.131;83.82;89.81;Excelente
FS0807;2026-07-22;FS-2026-0081;12.5;46.19;1.22;4.23;4.4;0.121;82.42;89.24;Excelente
FS0808;2026-07-22;FS-2026-0081;12.55;45.85;1.66;5.54;4.22;0.074;80.01;82.56;Conforme
FS0809;2026-07-23;FS-2026-0081;12.27;46.86;1.36;4.47;4.0;0.023;83.05;89.65;Excelente
FS0810;2026-07-23;FS-2026-0081;12.43;46.09;2.06;4.55;4.41;0.037;83.22;87.5;Conforme
FS0811;2026-07-23;FS-2026-0082;12.18;46.01;1.94;5.09;4.88;0.173;82.27;79.92;Atencao
FS0812;2026-07-23;FS-2026-0082;12.74;46.06;1.39;3.79;4.6;0.057;82.34;84.94;Conforme
FS0813;2026-07-24;FS-2026-0082;12.34;46.56;1.94;4.27;4.63;0.139;81.89;88.45;Excelente
FS0814;2026-07-24;FS-2026-0082;12.21;46.26;2.19;4.18;4.25;0.018;82.63;81.32;Conforme
FS0815;2026-07-24;FS-2026-0082;12.8;45.84;2.11;4.65;4.44;0.068;81.53;82.18;Conforme
FS0816;2026-07-24;FS-2026-0082;12.03;46.02;1.61;4.97;4.37;0.112;81.62;81.85;Conforme
FS0817;2026-07-25;FS-2026-0082;12.4;46.06;2.19;4.48;4.67;0.181;82.28;82.45;Conforme
FS0818;2026-07-25;FS-2026-0082;12.54;45.85;2.07;4.37;4.23;0.167;82.96;85.16;Conforme
FS0819;2026-07-25;FS-2026-0082;12.61;46.2;2.39;4.86;4.27;0.182;83.27;81.83;Conforme
FS0820;2026-07-25;FS-2026-0082;12.09;46.69;1.86;4.71;4.86;0.172;82.66;83.16;Conforme
FS0821;2026-07-26;FS-2026-0083;12.56;46.6;2.15;4.53;4.18;0.103;81.85;88.08;Excelente
FS0822;2026-07-26;FS-2026-0083;12.78;46.61;1.2;4.5;4.51;0.111;83.27;89.22;Excelente
FS0823;2026-07-26;FS-2026-0083;12.95;45.28;2.2;4.29;4.2;0.114;83.56;78.11;Atencao
FS0824;2026-07-26;FS-2026-0083;12.67;45.53;1.59;5.96;4.47;0.078;80.59;77.45;Atencao
FS0825;2026-07-27;FS-2026-0083;12.87;46.68;1.72;5.79;4.54;0.086;82.98;86.73;Conforme
FS0826;2026-07-27;FS-2026-0083;12.55;46.66;1.81;4.72;4.39;0.041;81.51;87.17;Conforme
FS0827;2026-07-27;FS-2026-0083;12.42;46.22;1.68;4.11;4.5;0.136;82.56;87.98;Conforme
FS0828;2026-07-27;FS-2026-0083;12.8;46.1;1.74;4.68;4.38;0.105;82.44;85.91;Conforme
FS0829;2026-07-28;FS-2026-0083;12.47;45.55;1.21;4.88;4.35;0.058;83.17;83.66;Conforme
FS0830;2026-07-28;FS-2026-0083;12.58;45.79;1.5;4.09;4.72;0.115;80.65;82.61;Conforme
FS0831;2026-07-28;FS-2026-0084;12.93;45.97;1.44;4.82;4.5;0.112;82.34;82.46;Conforme
FS0832;2026-07-28;FS-2026-0084;12.57;46.05;2.27;4.74;4.48;0.128;82.89;86.48;Conforme
FS0833;2026-07-29;FS-2026-0084;12.38;46.3;2.14;3.84;4.24;0.04;83.18;87.11;Conforme
FS0834;2026-07-29;FS-2026-0084;12.28;46.35;1.8;4.94;4.4;0.173;83.37;87.01;Conforme
FS0835;2026-07-29;FS-2026-0084;12.48;46.73;1.2;5.15;4.27;0.076;81.4;89.83;Excelente
FS0836;2026-07-29;FS-2026-0084;12.53;46.88;1.28;4.47;4.5;0.042;79.13;88.38;Excelente
FS0837;2026-07-30;FS-2026-0084;12.16;47.0;1.48;4.47;4.19;0.085;81.05;85.1;Conforme
FS0838;2026-07-30;FS-2026-0084;12.93;45.51;1.72;5.31;4.48;0.139;82.43;76.2;Atencao
FS0839;2026-07-30;FS-2026-0084;12.48;46.27;1.7;4.92;4.54;0.165;81.52;85.56;Conforme
FS0840;2026-07-30;FS-2026-0084;12.69;45.96;1.78;4.28;4.31;0.078;84.16;86.42;Conforme
FS0841;2026-07-31;FS-2026-0085;12.68;46.03;1.77;4.36;4.57;0.041;79.8;81.67;Conforme
FS0842;2026-07-31;FS-2026-0085;12.78;46.0;1.6;5.13;4.92;0.102;81.43;81.53;Conforme
FS0843;2026-07-31;FS-2026-0085;12.3;46.74;2.37;4.35;4.51;0.092;82.21;90.94;Excelente
FS0844;2026-07-31;FS-2026-0085;12.0;46.57;1.74;4.98;4.17;0.172;83.18;82.52;Conforme
FS0845;2026-08-01;FS-2026-0085;12.56;45.57;1.81;4.73;4.55;0.145;82.35;83.94;Conforme
FS0846;2026-08-01;FS-2026-0085;12.25;46.42;1.95;5.94;4.69;0.133;81.1;82.17;Conforme
FS0847;2026-08-01;FS-2026-0085;12.37;46.12;1.6;4.79;4.56;0.201;81.6;81.2;Conforme
FS0848;2026-08-01;FS-2026-0085;12.61;46.12;1.6;4.72;4.62;0.19;81.28;82.64;Conforme
FS0849;2026-08-02;FS-2026-0085;12.65;45.8;2.01;4.95;4.0;0.067;82.03;80.78;Conforme
FS0850;2026-08-02;FS-2026-0085;12.8;46.0;2.34;4.9;4.26;0.082;80.57;80.82;Conforme
FS0851;2026-08-02;FS-2026-0086;12.93;45.58;1.71;5.75;4.31;0.071;82.99;77.37;Atencao
FS0852;2026-08-02;FS-2026-0086;12.34;46.57;2.5;3.5;4.34;0.195;82.6;87.79;Conforme
FS0853;2026-08-03;FS-2026-0086;12.49;46.43;1.75;4.26;4.74;0.063;81.92;86.81;Conforme
FS0854;2026-08-03;FS-2026-0086;12.27;46.22;1.78;5.85;4.15;0.065;83.47;84.92;Conforme
FS0855;2026-08-03;FS-2026-0086;12.85;45.43;2.31;3.87;4.86;0.131;83.28;80.82;Conforme
FS0856;2026-08-03;FS-2026-0086;12.38;45.81;1.76;3.5;4.84;0.078;82.27;85.06;Conforme
FS0857;2026-08-04;FS-2026-0086;12.19;46.52;1.48;4.98;4.56;0.095;83.08;88.56;Excelente
FS0858;2026-08-04;FS-2026-0086;12.5;45.98;1.81;5.19;4.0;0.036;82.54;82.94;Conforme
FS0859;2026-08-04;FS-2026-0086;12.02;45.59;1.75;4.38;4.18;0.103;80.65;78.28;Atencao
FS0860;2026-08-04;FS-2026-0086;12.26;46.14;1.46;4.39;4.49;0.027;82.91;85.01;Conforme
FS0861;2026-08-05;FS-2026-0087;12.38;46.25;2.16;5.3;4.62;0.063;83.47;87.68;Conforme
FS0862;2026-08-05;FS-2026-0087;12.23;46.4;1.58;4.23;4.41;0.135;81.0;85.48;Conforme
FS0863;2026-08-05;FS-2026-0087;12.83;46.01;2.02;3.81;4.83;0.092;82.23;83.53;Conforme
FS0864;2026-08-05;FS-2026-0087;12.66;45.86;2.45;4.37;4.15;0.071;81.99;82.94;Conforme
FS0865;2026-08-06;FS-2026-0087;12.91;45.97;2.26;4.72;4.12;0.059;82.4;81.01;Conforme
FS0866;2026-08-06;FS-2026-0087;12.04;45.99;1.55;4.75;4.3;0.105;80.51;80.29;Conforme
FS0867;2026-08-06;FS-2026-0087;12.75;45.96;2.09;4.58;4.53;0.037;83.24;83.36;Conforme
FS0868;2026-08-06;FS-2026-0087;12.51;45.77;1.41;3.78;4.42;0.14;83.5;87.87;Conforme
FS0869;2026-08-07;FS-2026-0087;13.0;46.57;1.96;5.74;4.55;0.035;80.83;78.31;Atencao
FS0870;2026-08-07;FS-2026-0087;12.38;46.58;2.13;3.92;4.19;0.055;82.64;87.03;Conforme
FS0871;2026-08-07;FS-2026-0088;12.54;46.69;1.52;4.91;4.17;0.122;83.06;90.69;Excelente
FS0872;2026-08-07;FS-2026-0088;12.45;45.73;1.69;4.78;4.44;0.16;79.96;82.67;Conforme
FS0873;2026-08-08;FS-2026-0088;12.23;46.49;1.74;4.5;4.34;0.037;83.0;85.0;Conforme
FS0874;2026-08-08;FS-2026-0088;12.43;46.25;1.82;4.62;4.28;0.161;80.96;85.85;Conforme
FS0875;2026-08-08;FS-2026-0088;12.33;46.37;1.74;4.39;4.67;0.092;80.09;85.89;Conforme
FS0876;2026-08-08;FS-2026-0088;12.5;46.46;2.35;5.07;4.63;0.081;83.43;90.03;Excelente
FS0877;2026-08-09;FS-2026-0088;12.58;46.11;2.09;4.68;4.38;0.148;81.94;84.46;Conforme
FS0878;2026-08-09;FS-2026-0088;12.19;46.15;1.74;5.35;4.56;0.063;83.6;84.71;Conforme
FS0879;2026-08-09;FS-2026-0088;12.6;46.29;1.56;5.04;4.4;0.092;81.45;85.58;Conforme
FS0880;2026-08-09;FS-2026-0088;12.61;45.98;2.12;4.5;4.04;0.064;83.19;83.65;Conforme
FS0881;2026-08-10;FS-2026-0089;12.2;46.53;1.53;4.94;4.61;0.064;82.8;87.33;Conforme
FS0882;2026-08-10;FS-2026-0089;12.95;45.32;1.86;4.53;4.57;0.056;82.11;77.43;Atencao
FS0883;2026-08-10;FS-2026-0089;12.49;46.36;1.2;4.82;4.75;0.127;82.54;90.09;Excelente
FS0884;2026-08-10;FS-2026-0089;12.4;46.58;1.9;3.64;4.66;0.067;83.96;91.71;Excelente
FS0885;2026-08-11;FS-2026-0089;12.36;46.82;1.98;5.02;4.24;0.05;83.77;87.75;Conforme
FS0886;2026-08-11;FS-2026-0089;12.4;45.47;1.72;4.38;4.76;0.075;81.88;83.57;Conforme
FS0887;2026-08-11;FS-2026-0089;12.47;46.55;1.28;4.56;4.48;0.092;82.01;91.34;Excelente
FS0888;2026-08-11;FS-2026-0089;12.0;46.8;1.65;3.81;4.42;0.082;82.76;90.2;Excelente
FS0889;2026-08-12;FS-2026-0089;12.42;46.29;1.32;5.27;4.78;0.056;81.9;84.23;Conforme
FS0890;2026-08-12;FS-2026-0089;12.54;46.59;2.1;4.29;4.0;0.109;81.25;88.1;Excelente
FS0891;2026-08-12;FS-2026-0090;12.4;46.55;1.83;4.64;4.54;0.047;83.1;87.98;Conforme
FS0892;2026-08-12;FS-2026-0090;12.65;45.62;1.96;5.21;4.39;0.128;82.35;80.59;Conforme
FS0893;2026-08-13;FS-2026-0090;12.61;45.94;2.02;4.7;4.49;0.076;82.39;86.97;Conforme
FS0894;2026-08-13;FS-2026-0090;12.69;46.59;1.95;4.4;4.54;0.128;81.99;88.07;Excelente
FS0895;2026-08-13;FS-2026-0090;12.31;46.03;1.42;3.59;4.47;0.059;79.92;83.96;Conforme
FS0896;2026-08-13;FS-2026-0090;12.57;45.64;2.05;4.69;4.61;0.05;82.43;81.01;Conforme
FS0897;2026-08-14;FS-2026-0090;12.98;46.52;1.39;5.07;4.59;0.15;81.77;80.99;Conforme
FS0898;2026-08-14;FS-2026-0090;12.33;45.81;1.25;4.93;4.88;0.087;83.92;86.62;Conforme
FS0899;2026-08-14;FS-2026-0090;12.82;46.52;2.01;3.79;4.43;0.049;82.53;86.04;Conforme
FS0900;2026-08-14;FS-2026-0090;12.52;45.46;1.6;4.32;4.73;0.092;80.5;81.06;Conforme
FS0901;2026-08-15;FS-2026-0091;12.4;46.53;1.83;4.67;4.02;0.058;82.26;85.93;Conforme
FS0902;2026-08-15;FS-2026-0091;12.15;45.72;2.13;4.96;4.62;0.153;81.02;78.27;Atencao
FS0903;2026-08-15;FS-2026-0091;12.27;45.74;1.76;6.0;4.0;0.129;81.45;79.3;Atencao
FS0904;2026-08-15;FS-2026-0091;12.31;45.78;1.33;3.94;4.57;0.09;81.93;86.83;Conforme
FS0905;2026-08-16;FS-2026-0091;12.63;46.51;1.69;4.29;4.47;0.065;82.92;89.23;Excelente
FS0906;2026-08-16;FS-2026-0091;12.51;46.6;1.96;4.65;4.71;0.136;81.36;87.84;Conforme
FS0907;2026-08-16;FS-2026-0091;12.67;45.31;2.41;5.61;4.61;0.152;82.44;76.16;Atencao
FS0908;2026-08-16;FS-2026-0091;12.46;46.09;1.93;5.29;4.38;0.102;83.22;89.43;Excelente
FS0909;2026-08-17;FS-2026-0091;12.51;46.4;2.21;4.76;4.38;0.168;81.32;84.2;Conforme
FS0910;2026-08-17;FS-2026-0091;12.27;45.88;1.88;4.62;4.56;0.122;80.94;82.71;Conforme
FS0911;2026-08-17;FS-2026-0092;12.48;46.27;1.46;5.12;4.57;0.044;81.9;84.34;Conforme
FS0912;2026-08-17;FS-2026-0092;12.59;46.03;2.22;4.6;4.83;0.056;80.83;83.01;Conforme
FS0913;2026-08-18;FS-2026-0092;12.11;47.0;2.3;5.34;4.61;0.062;81.23;82.8;Conforme
FS0914;2026-08-18;FS-2026-0092;12.28;45.59;2.5;5.03;4.0;0.082;82.84;80.79;Conforme
FS0915;2026-08-18;FS-2026-0092;12.47;46.03;1.64;4.98;4.39;0.186;82.2;85.28;Conforme
FS0916;2026-08-18;FS-2026-0092;12.31;46.36;1.54;5.0;4.09;0.151;81.09;85.47;Conforme
FS0917;2026-08-19;FS-2026-0092;12.55;45.92;2.18;4.55;4.29;0.124;83.3;85.16;Conforme
FS0918;2026-08-19;FS-2026-0092;12.64;46.37;2.05;3.84;4.65;0.21;82.78;86.3;Conforme
FS0919;2026-08-19;FS-2026-0092;12.01;46.43;1.86;4.63;4.43;0.044;83.73;83.26;Conforme
FS0920;2026-08-19;FS-2026-0092;12.63;46.0;2.09;5.31;4.92;0.072;81.32;81.57;Conforme
FS0921;2026-08-20;FS-2026-0093;12.89;46.24;2.0;5.37;4.5;0.049;81.88;79.66;Atencao
FS0922;2026-08-20;FS-2026-0093;12.73;46.32;1.8;4.28;4.4;0.084;83.02;87.89;Conforme
FS0923;2026-08-20;FS-2026-0093;12.27;46.82;1.65;3.62;4.62;0.043;81.78;89.25;Excelente
FS0924;2026-08-20;FS-2026-0093;12.6;47.0;1.2;3.84;4.33;0.036;83.68;95.59;Excelente
FS0925;2026-08-21;FS-2026-0093;12.39;45.38;1.2;5.01;4.73;0.088;80.43;78.57;Atencao
FS0926;2026-08-21;FS-2026-0093;12.78;45.7;2.06;3.69;4.42;0.107;84.48;85.99;Conforme
FS0927;2026-08-21;FS-2026-0093;12.54;45.98;1.26;3.79;4.23;0.146;82.28;85.91;Conforme
FS0928;2026-08-21;FS-2026-0093;12.13;45.8;1.88;4.61;4.09;0.019;82.75;79.87;Atencao
FS0929;2026-08-22;FS-2026-0093;12.89;46.02;1.82;4.63;4.33;0.025;81.73;80.99;Conforme
FS0930;2026-08-22;FS-2026-0093;12.94;45.25;1.61;3.99;4.61;0.1;82.21;80.81;Conforme
FS0931;2026-08-22;FS-2026-0094;12.54;45.61;1.74;4.63;4.42;0.063;82.21;82.55;Conforme
FS0932;2026-08-22;FS-2026-0094;12.15;46.07;2.05;4.67;4.55;0.095;81.32;82.11;Conforme
FS0933;2026-08-23;FS-2026-0094;12.48;46.39;1.96;4.94;4.55;0.062;81.24;87.03;Conforme
FS0934;2026-08-23;FS-2026-0094;12.62;45.88;2.01;4.59;4.37;0.08;82.75;84.68;Conforme
FS0935;2026-08-23;FS-2026-0094;12.84;46.26;1.67;4.98;4.64;0.066;83.13;84.19;Conforme
FS0936;2026-08-23;FS-2026-0094;12.0;45.95;1.42;4.55;4.71;0.063;82.44;82.48;Conforme
FS0937;2026-08-24;FS-2026-0094;12.64;46.4;2.26;5.04;4.17;0.105;82.7;87.07;Conforme
FS0938;2026-08-24;FS-2026-0094;12.71;45.56;2.12;4.89;4.44;0.1;81.24;81.22;Conforme
FS0939;2026-08-24;FS-2026-0094;12.48;46.94;1.39;3.5;4.8;0.076;83.15;96.31;Excelente
FS0940;2026-08-24;FS-2026-0094;12.3;46.53;1.96;5.91;4.27;0.112;82.71;86.13;Conforme
FS0941;2026-08-25;FS-2026-0095;12.02;45.75;1.49;4.81;4.84;0.083;82.24;81.32;Conforme
FS0942;2026-08-25;FS-2026-0095;12.26;46.15;1.68;6.0;4.65;0.131;81.84;80.61;Conforme
FS0943;2026-08-25;FS-2026-0095;12.07;45.68;1.61;3.87;4.4;0.068;83.11;82.6;Conforme
FS0944;2026-08-25;FS-2026-0095;12.49;46.02;1.94;5.03;4.46;0.06;80.56;83.13;Conforme
FS0945;2026-08-26;FS-2026-0095;12.41;46.65;1.34;5.05;4.26;0.096;83.46;92.43;Excelente
FS0946;2026-08-26;FS-2026-0095;12.19;46.74;1.51;3.5;4.22;0.054;80.56;86.96;Conforme
FS0947;2026-08-26;FS-2026-0095;13.0;45.9;1.26;4.37;4.32;0.106;81.89;81.47;Conforme
FS0948;2026-08-26;FS-2026-0095;12.54;46.33;1.26;4.88;4.09;0.083;80.25;87.35;Conforme
FS0949;2026-08-27;FS-2026-0095;12.15;46.5;2.08;4.34;4.74;0.043;82.2;83.97;Conforme
FS0950;2026-08-27;FS-2026-0095;12.55;46.28;1.81;3.61;4.89;0.106;82.73;89.37;Excelente
FS0951;2026-08-27;FS-2026-0096;12.41;45.8;1.64;4.57;4.72;0.083;81.37;84.48;Conforme
FS0952;2026-08-27;FS-2026-0096;12.5;46.14;1.95;3.87;4.49;0.055;82.66;87.52;Conforme
FS0953;2026-08-28;FS-2026-0096;12.05;46.04;2.21;4.98;4.33;0.06;83.21;78.46;Atencao
FS0954;2026-08-28;FS-2026-0096;12.93;46.24;1.85;3.73;4.35;0.103;82.85;85.07;Conforme
FS0955;2026-08-28;FS-2026-0096;12.33;46.28;1.72;5.19;4.58;0.029;83.0;81.55;Conforme
FS0956;2026-08-28;FS-2026-0096;12.42;45.71;1.77;5.25;4.32;0.13;80.98;79.52;Atencao
FS0957;2026-08-29;FS-2026-0096;12.41;46.18;1.72;5.03;4.4;0.065;82.03;85.73;Conforme
FS0958;2026-08-29;FS-2026-0096;12.41;46.3;2.2;5.03;4.51;0.122;82.53;89.52;Excelente
FS0959;2026-08-29;FS-2026-0096;12.59;46.06;1.88;4.65;4.71;0.047;81.91;85.6;Conforme
FS0960;2026-08-29;FS-2026-0096;12.56;46.37;1.75;5.05;4.42;0.123;79.87;85.86;Conforme
FS0961;2026-08-30;FS-2026-0097;12.51;46.03;1.96;4.65;4.3;0.052;83.08;85.03;Conforme
FS0962;2026-08-30;FS-2026-0097;12.35;45.74;1.97;5.38;4.43;0.035;81.22;79.47;Atencao
FS0963;2026-08-30;FS-2026-0097;12.74;46.15;1.74;5.08;4.1;0.079;80.62;81.42;Conforme
FS0964;2026-08-30;FS-2026-0097;12.54;46.31;2.0;5.1;4.38;0.154;80.46;83.97;Conforme
FS0965;2026-08-31;FS-2026-0097;12.38;46.43;1.4;4.1;4.31;0.116;81.18;88.87;Excelente
FS0966;2026-08-31;FS-2026-0097;12.55;46.73;1.29;4.83;4.39;0.083;82.64;91.35;Excelente
FS0967;2026-08-31;FS-2026-0097;12.59;46.0;1.45;5.29;4.48;0.05;82.48;83.69;Conforme
FS0968;2026-08-31;FS-2026-0097;12.28;45.86;2.3;4.35;4.64;0.072;83.13;83.87;Conforme
FS0969;2026-09-01;FS-2026-0097;12.58;46.62;1.55;5.29;4.13;0.047;81.6;85.1;Conforme
FS0970;2026-09-01;FS-2026-0097;12.37;45.64;1.72;4.34;4.56;0.079;83.33;85.32;Conforme
FS0971;2026-09-01;FS-2026-0098;12.48;45.84;1.45;4.48;4.49;0.114;82.07;87.54;Conforme
FS0972;2026-09-01;FS-2026-0098;12.41;46.37;1.85;4.67;4.46;0.048;85.0;93.88;Excelente
FS0973;2026-09-02;FS-2026-0098;12.15;45.74;1.73;4.35;4.35;0.123;80.06;79.45;Atencao
FS0974;2026-09-02;FS-2026-0098;12.84;46.34;1.43;4.45;4.34;0.101;83.1;85.41;Conforme
FS0975;2026-09-02;FS-2026-0098;12.35;46.31;1.43;5.12;4.62;0.144;82.42;85.77;Conforme
FS0976;2026-09-02;FS-2026-0098;12.38;46.45;1.73;4.25;4.63;0.12;82.72;89.03;Excelente
FS0977;2026-09-03;FS-2026-0098;12.5;46.43;1.75;3.56;4.57;0.161;81.79;88.14;Excelente
FS0978;2026-09-03;FS-2026-0098;12.56;46.11;2.08;4.86;4.32;0.117;82.28;84.22;Conforme
FS0979;2026-09-03;FS-2026-0098;12.14;45.76;1.27;5.0;4.31;0.071;81.69;80.24;Conforme
FS0980;2026-09-03;FS-2026-0098;12.58;46.33;1.82;3.92;4.54;0.135;81.29;86.63;Conforme
FS0981;2026-09-04;FS-2026-0099;12.36;46.99;1.66;3.5;4.7;0.161;82.5;92.61;Excelente
FS0982;2026-09-04;FS-2026-0099;12.81;46.38;1.86;5.45;4.61;0.068;82.88;85.51;Conforme
FS0983;2026-09-04;FS-2026-0099;12.25;46.17;1.4;4.44;4.71;0.076;80.88;84.75;Conforme
FS0984;2026-09-04;FS-2026-0099;13.0;46.23;1.99;4.76;4.66;0.096;82.21;82.71;Conforme
FS0985;2026-09-05;FS-2026-0099;12.5;46.19;1.43;4.99;4.73;0.052;80.45;86.2;Conforme
FS0986;2026-09-05;FS-2026-0099;12.75;45.79;1.77;6.0;4.48;0.073;82.09;80.95;Conforme
FS0987;2026-09-05;FS-2026-0099;12.5;46.48;1.43;5.68;4.11;0.067;82.28;89.86;Excelente
FS0988;2026-09-05;FS-2026-0099;12.55;46.18;1.55;5.1;4.66;0.069;81.74;86.01;Conforme
FS0989;2026-09-06;FS-2026-0099;12.15;46.32;1.66;4.78;4.78;0.026;81.91;82.1;Conforme
FS0990;2026-09-06;FS-2026-0099;12.88;46.09;1.2;4.24;4.72;0.102;83.22;86.23;Conforme
FS0991;2026-09-06;FS-2026-0100;12.92;46.33;1.65;4.61;4.55;0.012;81.31;79.21;Atencao
FS0992;2026-09-06;FS-2026-0100;12.0;46.65;1.88;3.76;4.35;0.134;82.25;87.84;Conforme
FS0993;2026-09-07;FS-2026-0100;12.56;46.04;2.28;4.85;4.82;0.171;82.02;81.73;Conforme
FS0994;2026-09-07;FS-2026-0100;12.47;46.05;1.95;3.96;4.68;0.161;82.29;83.62;Conforme
FS0995;2026-09-07;FS-2026-0100;12.27;46.17;1.44;5.58;4.56;0.096;81.6;82.63;Conforme
FS0996;2026-09-07;FS-2026-0100;12.29;45.85;1.54;3.91;4.09;0.098;82.71;82.21;Conforme
FS0997;2026-09-08;FS-2026-0100;12.55;46.55;1.65;4.15;4.49;0.063;82.38;90.37;Excelente
FS0998;2026-09-08;FS-2026-0100;12.24;46.25;1.76;3.73;4.64;0.127;79.87;82.56;Conforme
FS0999;2026-09-08;FS-2026-0100;12.29;46.3;1.69;3.5;4.71;0.077;81.78;88.49;Excelente
FS1000;2026-09-08;FS-2026-0100;12.31;46.37;1.2;4.3;4.56;0.061;81.81;87.13;Conforme
